config_id,strategy,status,sharpe,n_trades,max_drawdown,profit_factor,cum_return,calmar,long_pct,params
DualMovingAverageCrossover_767ba59891d3,DualMovingAverageCrossover,success,-0.21430848563353316,86,-0.03403810816060027,0.8911293410690319,-0.021341871720046757,-0.09857459982983334,0.4186,"{""long_period"": 54, ""short_period"": 12}"
DualMovingAverageCrossover_767ba59891d3,DualMovingAverageCrossover,success,-0.8319938143105218,200,-0.16628293921377746,0.7142074693863499,-0.12949790154652252,-0.12854355293868208,0.365,"{""long_period"": 89, ""short_period"": 4}"
DualMovingAverageCrossover_767ba59891d3,DualMovingAverageCrossover,success,-0.7300749941298809,137,-0.11191250239122952,0.6697290597228843,-0.09781374688297206,-0.1421527604917093,0.3723,"{""long_period"": 58, ""short_period"": 6}"
DualMovingAverageCrossover_767ba59891d3,DualMovingAverageCrossover,success,-0.7300749941298809,137,-0.11191250239122952,0.6697290597228843,-0.09781374688297206,-0.1421527604917093,0.3723,"{""long_period"": 53, ""short_period"": 9}"
DualMovingAverageCrossover_767ba59891d3,DualMovingAverageCrossover,success,-0.21430848563353316,86,-0.03403810816060027,0.8911293410690319,-0.021341871720046757,-0.09857459982983334,0.4186,"{""long_period"": 84, ""short_period"": 4}"
DualMovingAverageCrossover_767ba59891d3,DualMovingAverageCrossover,success,-0.7300749941298809,137,-0.11191250239122952,0.6697290597228843,-0.09781374688297206,-0.1421527604917093,0.3723,"{""long_period"": 49, ""short_period"": 14}"
DualMovingAverageCrossover_767ba59891d3,DualMovingAverageCrossover,success,-0.4041555933299423,188,-0.07577943367919793,0.8473158674231093,-0.04822253374322627,-0.10122021903071203,0.3936,"{""long_period"": 25, ""short_period"": 5}"
DualMovingAverageCrossover_767ba59891d3,DualMovingAverageCrossover,success,-0.7300749941298809,137,-0.11191250239122952,0.6697290597228843,-0.09781374688297206,-0.1421527604917093,0.3723,"{""long_period"": 36, ""short_period"": 20}"
DualMovingAverageCrossover_767ba59891d3,DualMovingAverageCrossover,success,-0.7300749941298809,137,-0.11191250239122952,0.6697290597228843,-0.09781374688297206,-0.1421527604917093,0.3723,"{""long_period"": 49, ""short_period"": 15}"
DualMovingAverageCrossover_767ba59891d3,DualMovingAverageCrossover,success,-0.7300749941298809,137,-0.11191250239122952,0.6697290597228843,-0.09781374688297206,-0.1421527604917093,0.3723,"{""long_period"": 70, ""short_period"": 4}"
DualMovingAverageCrossover_767ba59891d3,DualMovingAverageCrossover,success,-0.21430848563353316,86,-0.03403810816060027,0.8911293410690319,-0.021341871720046757,-0.09857459982983334,0.4186,"{""long_period"": 98, ""short_period"": 11}"
DualMovingAverageCrossover_767ba59891d3,DualMovingAverageCrossover,success,-0.9870176252213022,151,-0.110202947852853,0.6091047278560433,-0.1033914211536161,-0.1529815094308854,0.3907,"{""long_period"": 44, ""short_period"": 4}"
DualMovingAverageCrossover_767ba59891d3,DualMovingAverageCrossover,success,-0.5530104418068373,93,-0.08890540360523225,0.7185114697706619,-0.06191347541673242,-0.11144298241236857,0.3656,"{""long_period"": 65, ""short_period"": 8}"
DualMovingAverageCrossover_767ba59891d3,DualMovingAverageCrossover,success,-0.4048482212622548,110,-0.06720106284714067,0.793129456990589,-0.041814925916666246,-0.09869717153118808,0.4091,"{""long_period"": 67, ""short_period"": 18}"
DualMovingAverageCrossover_767ba59891d3,DualMovingAverageCrossover,success,-0.2861460592810423,106,-0.08640001021033306,0.860357525457352,-0.033151868654171524,-0.06063256490272513,0.4245,"{""long_period"": 45, ""short_period"": 18}"
DualMovingAverageCrossover_767ba59891d3,DualMovingAverageCrossover,success,-0.5530104418068373,93,-0.08890540360523225,0.7185114697706619,-0.06191347541673242,-0.11144298241236857,0.3656,"{""long_period"": 88, ""short_period"": 17}"
DualMovingAverageCrossover_767ba59891d3,DualMovingAverageCrossover,success,-0.23763470888944782,108,-0.0739691467556367,0.8777156737047993,-0.02806617812712342,-0.05982578637368894,0.4444,"{""long_period"": 31, ""short_period"": 16}"
DualMovingAverageCrossover_767ba59891d3,DualMovingAverageCrossover,success,-0.23763470888944782,108,-0.0739691467556367,0.8777156737047993,-0.02806617812712342,-0.05982578637368894,0.4444,"{""long_period"": 39, ""short_period"": 17}"
DualMovingAverageCrossover_767ba59891d3,DualMovingAverageCrossover,success,-0.2861460592810423,106,-0.08640001021033306,0.860357525457352,-0.033151868654171524,-0.06063256490272513,0.4245,"{""long_period"": 92, ""short_period"": 13}"
DualMovingAverageCrossover_767ba59891d3,DualMovingAverageCrossover,success,-0.2861460592810423,106,-0.08640001021033306,0.860357525457352,-0.033151868654171524,-0.06063256490272513,0.4245,"{""long_period"": 74, ""short_period"": 18}"
DualMovingAverageCrossover_767ba59891d3,DualMovingAverageCrossover,success,-0.23763470888944782,108,-0.0739691467556367,0.8777156737047993,-0.02806617812712342,-0.05982578637368894,0.4444,"{""long_period"": 68, ""short_period"": 19}"
DualMovingAverageCrossover_767ba59891d3,DualMovingAverageCrossover,success,-0.2610466998317289,110,-0.07213868669057255,0.8641027592205737,-0.030906619997050133,-0.06763514989089264,0.4091,"{""long_period"": 42, ""short_period"": 15}"
DualMovingAverageCrossover_767ba59891d3,DualMovingAverageCrossover,success,-0.7652656553743563,96,-0.10100943121078254,0.6378461645483581,-0.0831573850700299,-0.133006469838457,0.3542,"{""long_period"": 29, ""short_period"": 5}"
DualMovingAverageCrossover_767ba59891d3,DualMovingAverageCrossover,success,-0.5084255227892982,83,-0.06874269159035595,0.7224039908224471,-0.05489138556428752,-0.1273861150686504,0.4096,"{""long_period"": 43, ""short_period"": 3}"
DualMovingAverageCrossover_767ba59891d3,DualMovingAverageCrossover,success,-0.7652656553743563,96,-0.10100943121078254,0.6378461645483581,-0.0831573850700299,-0.133006469838457,0.3542,"{""long_period"": 41, ""short_period"": 3}"
DualMovingAverageCrossover_767ba59891d3,DualMovingAverageCrossover,success,-0.7652656553743563,96,-0.10100943121078254,0.6378461645483581,-0.0831573850700299,-0.133006469838457,0.3542,"{""long_period"": 51, ""short_period"": 18}"
DualMovingAverageCrossover_767ba59891d3,DualMovingAverageCrossover,success,-0.7652656553743563,96,-0.10100943121078254,0.6378461645483581,-0.0831573850700299,-0.133006469838457,0.3542,"{""long_period"": 85, ""short_period"": 11}"
DualMovingAverageCrossover_767ba59891d3,DualMovingAverageCrossover,success,-0.5084255227892982,83,-0.06874269159035595,0.7224039908224471,-0.05489138556428752,-0.1273861150686504,0.4096,"{""long_period"": 65, ""short_period"": 15}"
DualMovingAverageCrossover_767ba59891d3,DualMovingAverageCrossover,success,-0.7652656553743563,96,-0.10100943121078254,0.6378461645483581,-0.0831573850700299,-0.133006469838457,0.3542,"{""long_period"": 32, ""short_period"": 16}"
DualMovingAverageCrossover_767ba59891d3,DualMovingAverageCrossover,success,-0.7652656553743563,96,-0.10100943121078254,0.6378461645483581,-0.0831573850700299,-0.133006469838457,0.3542,"{""long_period"": 79, ""short_period"": 15}"
DualMovingAverageCrossover_767ba59891d3,DualMovingAverageCrossover,success,-0.7652656553743563,96,-0.10100943121078254,0.6378461645483581,-0.0831573850700299,-0.133006469838457,0.3542,"{""long_period"": 93, ""short_period"": 14}"
DualMovingAverageCrossover_767ba59891d3,DualMovingAverageCrossover,success,-0.6579580075300846,171,-0.11962929841825165,0.7341594549074628,-0.0994348051554158,-0.13528759287743963,0.386,"{""long_period"": 28, ""short_period"": 8}"
DualMovingAverageCrossover_767ba59891d3,DualMovingAverageCrossover,success,-0.6579580075300846,171,-0.11962929841825165,0.7341594549074628,-0.0994348051554158,-0.13528759287743963,0.386,"{""long_period"": 63, ""short_period"": 7}"
DualMovingAverageCrossover_767ba59891d3,DualMovingAverageCrossover,success,-0.1149014916481972,96,-0.045810494465313045,0.9532475565464914,-0.009386344510661782,-0.032048684872698734,0.4167,"{""long_period"": 87, ""short_period"": 13}"
DualMovingAverageCrossover_767ba59891d3,DualMovingAverageCrossover,success,-0.636528005453502,159,-0.11306272880934964,0.740173016284865,-0.09433569386113039,-0.13548741690323993,0.3962,"{""long_period"": 77, ""short_period"": 8}"
DualMovingAverageCrossover_767ba59891d3,DualMovingAverageCrossover,success,-0.636528005453502,159,-0.11306272880934964,0.740173016284865,-0.09433569386113039,-0.13548741690323993,0.3962,"{""long_period"": 96, ""short_period"": 9}"
DualMovingAverageCrossover_767ba59891d3,DualMovingAverageCrossover,success,-0.636528005453502,159,-0.11306272880934964,0.740173016284865,-0.09433569386113039,-0.13548741690323993,0.3962,"{""long_period"": 97, ""short_period"": 14}"
DualMovingAverageCrossover_767ba59891d3,DualMovingAverageCrossover,success,-0.2771303777244687,117,-0.10322084281014687,0.8822369216837507,-0.030335248708354245,-0.046383330745715004,0.453,"{""long_period"": 80, ""short_period"": 13}"
DualMovingAverageCrossover_767ba59891d3,DualMovingAverageCrossover,success,-0.636528005453502,159,-0.11306272880934964,0.740173016284865,-0.09433569386113039,-0.13548741690323993,0.3962,"{""long_period"": 73, ""short_period"": 7}"
DualMovingAverageCrossover_767ba59891d3,DualMovingAverageCrossover,success,-0.2253715466079568,55,-0.041313862919703626,0.8293198089227641,-0.024100174044600187,-0.0918200268159983,0.4,"{""long_period"": 90, ""short_period"": 19}"
DualMovingAverageCrossover_767ba59891d3,DualMovingAverageCrossover,success,0.06553642597314521,99,-0.06279442226552712,1.0563618467553948,0.010657418375523475,0.02632310302832009,0.4444,"{""long_period"": 56, ""short_period"": 10}"
DualMovingAverageCrossover_767ba59891d3,DualMovingAverageCrossover,success,0.32505494498820353,82,-0.04256896538011823,1.2327699833643524,0.04386706403628038,0.15765008534861072,0.4878,"{""long_period"": 84, ""short_period"": 9}"
DualMovingAverageCrossover_767ba59891d3,DualMovingAverageCrossover,success,-0.40464939191548005,129,-0.08098991159330482,0.8366787848977697,-0.04334479318557094,-0.08494659890997984,0.4109,"{""long_period"": 81, ""short_period"": 20}"
DualMovingAverageCrossover_767ba59891d3,DualMovingAverageCrossover,success,-0.44943241281477314,133,-0.0785167408332057,0.7967324976316004,-0.06116411990739379,-0.12461937851192155,0.3985,"{""long_period"": 61, ""short_period"": 10}"
DualMovingAverageCrossover_767ba59891d3,DualMovingAverageCrossover,success,-0.2599047958696758,117,-0.05883609892620756,0.8865022661197706,-0.023036518566055042,-0.061600926214494194,0.4701,"{""long_period"": 69, ""short_period"": 16}"
DualMovingAverageCrossover_767ba59891d3,DualMovingAverageCrossover,success,-0.2599047958696758,117,-0.05883609892620756,0.8865022661197706,-0.023036518566055042,-0.061600926214494194,0.4701,"{""long_period"": 62, ""short_period"": 13}"
DualMovingAverageCrossover_767ba59891d3,DualMovingAverageCrossover,success,-0.6870449779750675,109,-0.10478638738262269,0.6824505879504223,-0.08465834149976548,-0.1306152961285882,0.4128,"{""long_period"": 76, ""short_period"": 5}"
DualMovingAverageCrossover_767ba59891d3,DualMovingAverageCrossover,success,-0.2685585088252501,46,-0.029336007703847033,0.8049737588110025,-0.02101058138448153,-0.11258309958270023,0.3913,"{""long_period"": 39, ""short_period"": 10}"
DualMovingAverageCrossover_767ba59891d3,DualMovingAverageCrossover,success,-0.2685585088252501,46,-0.029336007703847033,0.8049737588110025,-0.02101058138448153,-0.11258309958270023,0.3913,"{""long_period"": 100, ""short_period"": 19}"
DualMovingAverageCrossover_767ba59891d3,DualMovingAverageCrossover,success,-0.6870449779750675,109,-0.10478638738262269,0.6824505879504223,-0.08465834149976548,-0.1306152961285882,0.4128,"{""long_period"": 34, ""short_period"": 12}"
DualMovingAverageCrossover_767ba59891d3,DualMovingAverageCrossover,success,-0.6870449779750675,109,-0.10478638738262269,0.6824505879504223,-0.08465834149976548,-0.1306152961285882,0.4128,"{""long_period"": 72, ""short_period"": 16}"
DualMovingAverageCrossover_767ba59891d3,DualMovingAverageCrossover,success,-0.7298640513668305,136,-0.108165275855862,0.6815891278141771,-0.09306194706526827,-0.13962844209337352,0.3676,"{""long_period"": 26, ""short_period"": 17}"
DualMovingAverageCrossover_767ba59891d3,DualMovingAverageCrossover,success,-0.7298640513668305,136,-0.108165275855862,0.6815891278141771,-0.09306194706526827,-0.13962844209337352,0.3676,"{""long_period"": 59, ""short_period"": 8}"
DualMovingAverageCrossover_767ba59891d3,DualMovingAverageCrossover,success,-0.9103247872034206,140,-0.10078630177949399,0.6492673856802751,-0.09159147129114786,-0.1473844632110924,0.3786,"{""long_period"": 33, ""short_period"": 10}"
DualMovingAverageCrossover_767ba59891d3,DualMovingAverageCrossover,success,-0.9103247872034206,140,-0.10078630177949399,0.6492673856802751,-0.09159147129114786,-0.1473844632110924,0.3786,"{""long_period"": 94, ""short_period"": 6}"
DualMovingAverageCrossover_767ba59891d3,DualMovingAverageCrossover,success,-0.18220349705788244,121,-0.08129128792633256,0.9133778121671345,-0.022108847568456214,-0.042772353417738454,0.4215,"{""long_period"": 47, ""short_period"": 11}"
DualMovingAverageCrossover_767ba59891d3,DualMovingAverageCrossover,success,-0.07792916004522507,110,-0.07314374100364252,0.9698552255212782,-0.008095213596472028,-0.017301807507296988,0.4727,"{""long_period"": 37, ""short_period"": 7}"
DualMovingAverageCrossover_767ba59891d3,DualMovingAverageCrossover,success,-0.07792916004522507,110,-0.07314374100364252,0.9698552255212782,-0.008095213596472028,-0.017301807507296988,0.4727,"{""long_period"": 56, ""short_period"": 7}"
DualMovingAverageCrossover_767ba59891d3,DualMovingAverageCrossover,success,-0.07792916004522507,110,-0.07314374100364252,0.9698552255212782,-0.008095213596472028,-0.017301807507296988,0.4727,"{""long_period"": 82, ""short_period"": 6}"
DualMovingAverageCrossover_767ba59891d3,DualMovingAverageCrossover,success,-0.07792916004522507,110,-0.07314374100364252,0.9698552255212782,-0.008095213596472028,-0.017301807507296988,0.4727,"{""long_period"": 52, ""short_period"": 12}"
HypothesisH110BollingerKyleGate_bc9371eb2641,HypothesisH110BollingerKyleGate,success,-0.07113307541680579,43,-0.02240978054011078,1.0272722448916485,0.0012829290616118705,0.008914181013117726,0.4651,"{""bb_period"": 32, ""bb_std"": 3.0854, ""bw_percentile"": 73, ""lam_thresh"": 0.2852, ""lookback"": 30}"
HypothesisH110BollingerKyleGate_bc9371eb2641,HypothesisH110BollingerKyleGate,success,-1.238097888622718,151,-0.1732867473621338,0.5262262864721224,-0.1704229996111707,-0.16555753864061457,0.3642,"{""bb_period"": 10, ""bb_std"": 1.6413, ""bw_percentile"": 70, ""lam_thresh"": 0.4785, ""lookback"": 35}"
HypothesisH110BollingerKyleGate_bc9371eb2641,HypothesisH110BollingerKyleGate,success,-1.238097888622718,151,-0.1732867473621338,0.5262262864721224,-0.1704229996111707,-0.16555753864061457,0.3642,"{""bb_period"": 21, ""bb_std"": 3.0358, ""bw_percentile"": 32, ""lam_thresh"": 0.5987, ""lookback"": 49}"
HypothesisH110BollingerKyleGate_bc9371eb2641,HypothesisH110BollingerKyleGate,success,-1.238097888622718,151,-0.1732867473621338,0.5262262864721224,-0.1704229996111707,-0.16555753864061457,0.3642,"{""bb_period"": 14, ""bb_std"": 2.3815, ""bw_percentile"": 54, ""lam_thresh"": 0.5053, ""lookback"": 24}"
HypothesisH110BollingerKyleGate_bc9371eb2641,HypothesisH110BollingerKyleGate,success,-0.3043712472926355,55,-0.029138325395805964,0.792353464777196,-0.019436917988965963,-0.10478658350136388,0.5091,"{""bb_period"": 17, ""bb_std"": 3.0215, ""bw_percentile"": 76, ""lam_thresh"": 0.8312, ""lookback"": 32}"
HypothesisH110BollingerKyleGate_bc9371eb2641,HypothesisH110BollingerKyleGate,success,-1.238097888622718,151,-0.1732867473621338,0.5262262864721224,-0.1704229996111707,-0.16555753864061457,0.3642,"{""bb_period"": 12, ""bb_std"": 2.3178, ""bw_percentile"": 51, ""lam_thresh"": 0.7699, ""lookback"": 39}"
HypothesisH110BollingerKyleGate_bc9371eb2641,HypothesisH110BollingerKyleGate,success,-1.238097888622718,151,-0.1732867473621338,0.5262262864721224,-0.1704229996111707,-0.16555753864061457,0.3642,"{""bb_period"": 38, ""bb_std"": 2.7011, ""bw_percentile"": 58, ""lam_thresh"": 0.4057, ""lookback"": 27}"
HypothesisH110BollingerKyleGate_bc9371eb2641,HypothesisH110BollingerKyleGate,success,-0.3043712472926355,55,-0.029138325395805964,0.792353464777196,-0.019436917988965963,-0.10478658350136388,0.5091,"{""bb_period"": 25, ""bb_std"": 2.6623, ""bw_percentile"": 41, ""lam_thresh"": 0.8157, ""lookback"": 33}"
HypothesisH110BollingerKyleGate_bc9371eb2641,HypothesisH110BollingerKyleGate,success,-1.238097888622718,151,-0.1732867473621338,0.5262262864721224,-0.1704229996111707,-0.16555753864061457,0.3642,"{""bb_period"": 34, ""bb_std"": 2.1056, ""bw_percentile"": 43, ""lam_thresh"": 0.2664, ""lookback"": 38}"
HypothesisH110BollingerKyleGate_bc9371eb2641,HypothesisH110BollingerKyleGate,success,-1.238097888622718,151,-0.1732867473621338,0.5262262864721224,-0.1704229996111707,-0.16555753864061457,0.3642,"{""bb_period"": 18, ""bb_std"": 1.8871, ""bw_percentile"": 55, ""lam_thresh"": 0.5187, ""lookback"": 41}"
HypothesisH110BollingerKyleGate_bc9371eb2641,HypothesisH110BollingerKyleGate,success,-0.3043712472926355,55,-0.029138325395805964,0.792353464777196,-0.019436917988965963,-0.10478658350136388,0.5091,"{""bb_period"": 25, ""bb_std"": 2.8664, ""bw_percentile"": 48, ""lam_thresh"": 0.5539, ""lookback"": 22}"
HypothesisH110BollingerKyleGate_bc9371eb2641,HypothesisH110BollingerKyleGate,success,-0.5235080153940751,75,-0.06777380781924813,0.6840448910162492,-0.057002369642667805,-0.13430148736399677,0.3733,"{""bb_period"": 35, ""bb_std"": 2.1847, ""bw_percentile"": 36, ""lam_thresh"": 0.315, ""lookback"": 31}"
HypothesisH110BollingerKyleGate_bc9371eb2641,HypothesisH110BollingerKyleGate,success,-0.28750515832975754,68,-0.04319773352673051,0.7897967372404802,-0.03092719851992598,-0.11302451864645473,0.4559,"{""bb_period"": 40, ""bb_std"": 1.751, ""bw_percentile"": 59, ""lam_thresh"": 0.3777, ""lookback"": 26}"
HypothesisH110BollingerKyleGate_bc9371eb2641,HypothesisH110BollingerKyleGate,success,-0.21417538181033252,16,-0.03654412206718227,0.7010309091866962,-0.01098176305623988,-0.04703575635239693,0.5,"{""bb_period"": 28, ""bb_std"": 3.448, ""bw_percentile"": 72, ""lam_thresh"": 0.4913, ""lookback"": 60}"
HypothesisH110BollingerKyleGate_bc9371eb2641,HypothesisH110BollingerKyleGate,success,-0.28750515832975754,68,-0.04319773352673051,0.7897967372404802,-0.03092719851992598,-0.11302451864645473,0.4559,"{""bb_period"": 15, ""bb_std"": 1.6864, ""bw_percentile"": 56, ""lam_thresh"": 0.2089, ""lookback"": 37}"
HypothesisH110BollingerKyleGate_bc9371eb2641,HypothesisH110BollingerKyleGate,success,0.430809356420204,21,-0.017902994983221898,2.061564435088446,0.02894879932605754,0.248891756630742,0.6667,"{""bb_period"": 26, ""bb_std"": 3.2569, ""bw_percentile"": 35, ""lam_thresh"": 0.5318, ""lookback"": 28}"
HypothesisH110BollingerKyleGate_bc9371eb2641,HypothesisH110BollingerKyleGate,success,-0.8009437518280107,45,-0.07206300987618741,0.43825619443025393,-0.06667396209708643,-0.14837484266060197,0.3556,"{""bb_period"": 14, ""bb_std"": 2.9865, ""bw_percentile"": 63, ""lam_thresh"": 0.7464, ""lookback"": 46}"
HypothesisH110BollingerKyleGate_bc9371eb2641,HypothesisH110BollingerKyleGate,success,-0.5235080153940751,75,-0.06777380781924813,0.6840448910162492,-0.057002369642667805,-0.13430148736399677,0.3733,"{""bb_period"": 16, ""bb_std"": 2.8093, ""bw_percentile"": 66, ""lam_thresh"": 0.6765, ""lookback"": 43}"
HypothesisH110BollingerKyleGate_bc9371eb2641,HypothesisH110BollingerKyleGate,success,-0.28750515832975754,68,-0.04319773352673051,0.7897967372404802,-0.03092719851992598,-0.11302451864645473,0.4559,"{""bb_period"": 20, ""bb_std"": 2.8768, ""bw_percentile"": 77, ""lam_thresh"": 0.3939, ""lookback"": 52}"
HypothesisH110BollingerKyleGate_bc9371eb2641,HypothesisH110BollingerKyleGate,success,-0.019374381525278404,88,-0.05443067660677314,1.0055413928574068,-1.4910869294504359e-05,-4.267892126319832e-05,0.4773,"{""bb_period"": 36, ""bb_std"": 2.4546, ""bw_percentile"": 57, ""lam_thresh"": 0.8286, ""lookback"": 16}"
HypothesisH110BollingerKyleGate_bc9371eb2641,HypothesisH110BollingerKyleGate,success,-0.6704165005914448,139,-0.1267702476839161,0.7029064834710872,-0.10657466508480762,-0.1372847667244111,0.3813,"{""bb_period"": 12, ""bb_std"": 2.4767, ""bw_percentile"": 66, ""lam_thresh"": 0.247, ""lookback"": 54}"
HypothesisH110BollingerKyleGate_bc9371eb2641,HypothesisH110BollingerKyleGate,success,-0.36414823226057164,83,-0.06821799728951139,0.7928359438765997,-0.04103311713221347,-0.09537548682210742,0.4217,"{""bb_period"": 13, ""bb_std"": 2.5184, ""bw_percentile"": 61, ""lam_thresh"": 0.8755, ""lookback"": 19}"
HypothesisH110BollingerKyleGate_bc9371eb2641,HypothesisH110BollingerKyleGate,success,0.11540956579413143,45,-0.031791342983278126,1.1604662718772518,0.011384284372000453,0.055522744606916,0.4889,"{""bb_period"": 33, ""bb_std"": 2.9266, ""bw_percentile"": 53, ""lam_thresh"": 0.6366, ""lookback"": 29}"
HypothesisH110BollingerKyleGate_bc9371eb2641,HypothesisH110BollingerKyleGate,success,0.05789131395557923,72,-0.037192798965385965,1.0776087008615114,0.008547468843454809,0.03567538079577285,0.4583,"{""bb_period"": 34, ""bb_std"": 2.2747, ""bw_percentile"": 84, ""lam_thresh"": 0.8016, ""lookback"": 21}"
HypothesisH110BollingerKyleGate_bc9371eb2641,HypothesisH110BollingerKyleGate,success,-0.41649130881064433,29,-0.038597112740085704,0.6736169684726664,-0.024682293900368135,-0.1006821779061637,0.3793,"{""bb_period"": 36, ""bb_std"": 1.545, ""bw_percentile"": 55, ""lam_thresh"": 0.5801, ""lookback"": 57}"
HypothesisH110BollingerKyleGate_bc9371eb2641,HypothesisH110BollingerKyleGate,success,-0.518749488710297,54,-0.05802732571176472,0.6459546220683802,-0.046903566168888355,-0.12849624308583918,0.4259,"{""bb_period"": 24, ""bb_std"": 3.1557, ""bw_percentile"": 47, ""lam_thresh"": 0.3038, ""lookback"": 25}"
HypothesisH110BollingerKyleGate_bc9371eb2641,HypothesisH110BollingerKyleGate,success,-0.49245936086693715,92,-0.054546037002693226,0.760268935764661,-0.047368752991356566,-0.13808119393236654,0.4022,"{""bb_period"": 30, ""bb_std"": 1.9692, ""bw_percentile"": 44, ""lam_thresh"": 0.336, ""lookback"": 45}"
HypothesisH110BollingerKyleGate_bc9371eb2641,HypothesisH110BollingerKyleGate,success,-0.41649130881064433,29,-0.038597112740085704,0.6736169684726664,-0.024682293900368135,-0.1006821779061637,0.3793,"{""bb_period"": 29, ""bb_std"": 1.9014, ""bw_percentile"": 71, ""lam_thresh"": 0.5409, ""lookback"": 52}"
HypothesisH110BollingerKyleGate_bc9371eb2641,HypothesisH110BollingerKyleGate,success,-0.06038048955081641,178,-0.08646019509554703,0.9863132105597001,-0.00741176614785366,-0.013397376195206567,0.4438,"{""bb_period"": 27, ""bb_std"": 1.817, ""bw_percentile"": 41, ""lam_thresh"": 0.7767, ""lookback"": 57}"
HypothesisH110BollingerKyleGate_bc9371eb2641,HypothesisH110BollingerKyleGate,success,-0.41649130881064433,29,-0.038597112740085704,0.6736169684726664,-0.024682293900368135,-0.1006821779061637,0.3793,"{""bb_period"": 24, ""bb_std"": 1.7889, ""bw_percentile"": 64, ""lam_thresh"": 0.2299, ""lookback"": 53}"
HypothesisH110BollingerKyleGate_bc9371eb2641,HypothesisH110BollingerKyleGate,success,-0.41649130881064433,29,-0.038597112740085704,0.6736169684726664,-0.024682293900368135,-0.1006821779061637,0.3793,"{""bb_period"": 18, ""bb_std"": 3.2701, ""bw_percentile"": 81, ""lam_thresh"": 0.4152, ""lookback"": 44}"
HypothesisH110BollingerKyleGate_bc9371eb2641,HypothesisH110BollingerKyleGate,success,-0.6704531714245691,81,-0.10114294120515122,0.6547006906055961,-0.07179517217178222,-0.11409609154406075,0.321,"{""bb_period"": 11, ""bb_std"": 3.124, ""bw_percentile"": 39, ""lam_thresh"": 0.6582, ""lookback"": 53}"
HypothesisH110BollingerKyleGate_bc9371eb2641,HypothesisH110BollingerKyleGate,success,-0.06019064858918129,127,-0.06502974929427019,0.9810249549859626,-0.006604255385495472,-0.015866354794606238,0.378,"{""bb_period"": 11, ""bb_std"": 1.7028, ""bw_percentile"": 75, ""lam_thresh"": 0.7946, ""lookback"": 47}"
HypothesisH110BollingerKyleGate_bc9371eb2641,HypothesisH110BollingerKyleGate,success,-0.06019064858918129,127,-0.06502974929427019,0.9810249549859626,-0.006604255385495472,-0.015866354794606238,0.378,"{""bb_period"": 35, ""bb_std"": 2.0057, ""bw_percentile"": 31, ""lam_thresh"": 0.8963, ""lookback"": 15}"
HypothesisH110BollingerKyleGate_bc9371eb2641,HypothesisH110BollingerKyleGate,success,-0.3806851644270894,47,-0.0474305873464238,0.7092075057317894,-0.03323318786897189,-0.11072368719629636,0.4255,"{""bb_period"": 19, ""bb_std"": 3.2162, ""bw_percentile"": 63, ""lam_thresh"": 0.3174, ""lookback"": 55}"
HypothesisH110BollingerKyleGate_bc9371eb2641,HypothesisH110BollingerKyleGate,success,0.04292605445970804,130,-0.03319339162753654,1.0364925698390461,0.007060338881168526,0.033039599994614775,0.4615,"{""bb_period"": 37, ""bb_std"": 1.9522, ""bw_percentile"": 45, ""lam_thresh"": 0.6796, ""lookback"": 45}"
HypothesisH110BollingerKyleGate_bc9371eb2641,HypothesisH110BollingerKyleGate,success,0.04292605445970804,130,-0.03319339162753654,1.0364925698390461,0.007060338881168526,0.033039599994614775,0.4615,"{""bb_period"": 20, ""bb_std"": 2.4036, ""bw_percentile"": 60, ""lam_thresh"": 0.7213, ""lookback"": 20}"
HypothesisH110BollingerKyleGate_bc9371eb2641,HypothesisH110BollingerKyleGate,success,0.1854218029537321,126,-0.04338388301233531,1.1056577405216041,0.025439129188557397,0.09038764148982704,0.4206,"{""bb_period"": 39, ""bb_std"": 2.0875, ""bw_percentile"": 62, ""lam_thresh"": 0.623, ""lookback"": 37}"
HypothesisH110BollingerKyleGate_bc9371eb2641,HypothesisH110BollingerKyleGate,success,0.1854218029537321,126,-0.04338388301233531,1.1056577405216041,0.025439129188557397,0.09038764148982704,0.4206,"{""bb_period"": 33, ""bb_std"": 2.2253, ""bw_percentile"": 49, ""lam_thresh"": 0.7036, ""lookback"": 22}"
HypothesisH110BollingerKyleGate_bc9371eb2641,HypothesisH110BollingerKyleGate,success,-0.4033716289717851,46,-0.07347740327470142,0.703632503385976,-0.03965579759995386,-0.08552500320943004,0.3913,"{""bb_period"": 15, ""bb_std"": 3.18, ""bw_percentile"": 78, ""lam_thresh"": 0.3494, ""lookback"": 18}"
HypothesisH110BollingerKyleGate_bc9371eb2641,HypothesisH110BollingerKyleGate,success,0.1854218029537321,126,-0.04338388301233531,1.1056577405216041,0.025439129188557397,0.09038764148982704,0.4206,"{""bb_period"": 31, ""bb_std"": 2.6009, ""bw_percentile"": 46, ""lam_thresh"": 0.5017, ""lookback"": 25}"
HypothesisH110BollingerKyleGate_bc9371eb2641,HypothesisH110BollingerKyleGate,success,-0.9117604514164044,156,-0.1238382389298548,0.6635596281260111,-0.12209594540809465,-0.16216971512567305,0.391,"{""bb_period"": 13, ""bb_std"": 2.1623, ""bw_percentile"": 75, ""lam_thresh"": 0.6536, ""lookback"": 18}"
HypothesisH110BollingerKyleGate_bc9371eb2641,HypothesisH110BollingerKyleGate,success,-0.9117604514164044,156,-0.1238382389298548,0.6635596281260111,-0.12209594540809465,-0.16216971512567305,0.391,"{""bb_period"": 17, ""bb_std"": 2.5806, ""bw_percentile"": 69, ""lam_thresh"": 0.354, ""lookback"": 47}"
HypothesisH110BollingerKyleGate_bc9371eb2641,HypothesisH110BollingerKyleGate,success,0.2947305816663133,2,-0.000711900711492075,100.939296152449,0.0011203192477904356,0.24505781664907164,0.5,"{""bb_period"": 26, ""bb_std"": 1.8623, ""bw_percentile"": 37, ""lam_thresh"": 0.3642, ""lookback"": 56}"
HypothesisH110BollingerKyleGate_bc9371eb2641,HypothesisH110BollingerKyleGate,success,0.2947305816663133,2,-0.000711900711492075,100.939296152449,0.0011203192477904356,0.24505781664907164,0.5,"{""bb_period"": 16, ""bb_std"": 1.617, ""bw_percentile"": 51, ""lam_thresh"": 0.4572, ""lookback"": 32}"
HypothesisH110BollingerKyleGate_bc9371eb2641,HypothesisH110BollingerKyleGate,success,-0.722092827124921,113,-0.13110301099775956,0.6497398243294684,-0.10636540975795461,-0.13247424824570428,0.3982,"{""bb_period"": 19, ""bb_std"": 2.9658, ""bw_percentile"": 50, ""lam_thresh"": 0.2743, ""lookback"": 27}"
HypothesisH110BollingerKyleGate_bc9371eb2641,HypothesisH110BollingerKyleGate,success,-0.49404997238993337,56,-0.06747577893367007,0.6691666892849858,-0.040784952988141554,-0.09583104656350448,0.3929,"{""bb_period"": 27, ""bb_std"": 3.3527, ""bw_percentile"": 33, ""lam_thresh"": 0.2164, ""lookback"": 42}"
HypothesisH110BollingerKyleGate_bc9371eb2641,HypothesisH110BollingerKyleGate,success,0.2947305816663133,2,-0.000711900711492075,100.939296152449,0.0011203192477904356,0.24505781664907164,0.5,"{""bb_period"": 21, ""bb_std"": 3.4844, ""bw_percentile"": 67, ""lam_thresh"": 0.8881, ""lookback"": 17}"
HypothesisH110BollingerKyleGate_bc9371eb2641,HypothesisH110BollingerKyleGate,success,-0.3119618861176838,21,-0.03543303802853959,0.6085763062867674,-0.01809000203680977,-0.08015347891400916,0.4286,"{""bb_period"": 38, ""bb_std"": 2.2401, ""bw_percentile"": 84, ""lam_thresh"": 0.7538, ""lookback"": 30}"
HypothesisH110BollingerKyleGate_bc9371eb2641,HypothesisH110BollingerKyleGate,success,-0.3119618861176838,21,-0.03543303802853959,0.6085763062867674,-0.01809000203680977,-0.08015347891400916,0.4286,"{""bb_period"": 30, ""bb_std"": 1.5799, ""bw_percentile"": 31, ""lam_thresh"": 0.7323, ""lookback"": 23}"
HypothesisH110BollingerKyleGate_bc9371eb2641,HypothesisH110BollingerKyleGate,success,-0.3119618861176838,21,-0.03543303802853959,0.6085763062867674,-0.01809000203680977,-0.08015347891400916,0.4286,"{""bb_period"": 32, ""bb_std"": 3.4044, ""bw_percentile"": 83, ""lam_thresh"": 0.6171, ""lookback"": 58}"
HypothesisH110BollingerKyleGate_bc9371eb2641,HypothesisH110BollingerKyleGate,success,-0.06569807068390855,128,-0.07803126670415073,0.9982187892398148,-0.0021907338639864937,-0.00437798620537853,0.4844,"{""bb_period"": 22, ""bb_std"": 2.5394, ""bw_percentile"": 43, ""lam_thresh"": 0.2459, ""lookback"": 59}"
HypothesisH110BollingerKyleGate_bc9371eb2641,HypothesisH110BollingerKyleGate,success,-0.4958306211518685,13,-0.03598508939430012,0.5386775650490788,-0.01867083894238908,-0.08147821040739861,0.3846,"{""bb_period"": 23, ""bb_std"": 3.3725, ""bw_percentile"": 80, ""lam_thresh"": 0.455, ""lookback"": 48}"
HypothesisH110BollingerKyleGate_bc9371eb2641,HypothesisH110BollingerKyleGate,success,0.38430982774685146,75,-0.029987294932198982,1.3770920159221811,0.04762938310870424,0.2426169807892438,0.4533,"{""bb_period"": 31, ""bb_std"": 2.7572, ""bw_percentile"": 68, ""lam_thresh"": 0.432, ""lookback"": 42}"
HypothesisH110BollingerKyleGate_bc9371eb2641,HypothesisH110BollingerKyleGate,success,-0.6584621119171677,27,-0.041142857611978445,0.4475116818158047,-0.03610420642045331,-0.1388455270175615,0.4074,"{""bb_period"": 28, ""bb_std"": 3.3275, ""bw_percentile"": 35, ""lam_thresh"": 0.4381, ""lookback"": 50}"
HypothesisH110BollingerKyleGate_bc9371eb2641,HypothesisH110BollingerKyleGate,success,0.08019599481166256,43,-0.0386322928239613,1.1051083659988388,0.008559653670850764,0.03439485193765983,0.5349,"{""bb_period"": 39, ""bb_std"": 2.7894, ""bw_percentile"": 38, ""lam_thresh"": 0.6915, ""lookback"": 38}"
HypothesisH110BollingerKyleGate_bc9371eb2641,HypothesisH110BollingerKyleGate,success,0.11651942665916096,61,-0.030499507754529476,1.0985431453194243,0.011960173553332343,0.060787478793010385,0.5082,"{""bb_period"": 37, ""bb_std"": 2.694, ""bw_percentile"": 40, ""lam_thresh"": 0.5704, ""lookback"": 51}"
HypothesisH110BollingerKyleGate_bc9371eb2641,HypothesisH110BollingerKyleGate,success,-0.45759873412313756,97,-0.0689652785021666,0.7782696931214103,-0.057888672242748185,-0.13408595994692835,0.4021,"{""bb_period"": 29, ""bb_std"": 2.065, ""bw_percentile"": 73, ""lam_thresh"": 0.8589, ""lookback"": 40}"
HypothesisH110BollingerKyleGate_bc9371eb2641,HypothesisH110BollingerKyleGate,success,-0.17852761705421638,123,-0.05318720216042827,0.9243229036174562,-0.017827299109398398,-0.05261646776717997,0.4553,"{""bb_period"": 23, ""bb_std"": 2.3649, ""bw_percentile"": 81, ""lam_thresh"": 0.5955, ""lookback"": 34}"
HypothesisH110BollingerKyleGate_bc9371eb2641,HypothesisH110BollingerKyleGate,success,-0.498547423113385,150,-0.058961596384226045,0.8795580774584504,-0.01990276987416084,-0.05303638737216473,0.4867,"{""bb_period"": 22, ""bb_std"": 1.5007, ""bw_percentile"": 79, ""lam_thresh"": 0.8442, ""lookback"": 36}"
HypothesisH167BollingerRangingOFIGate_a40f8e2c5b0a,HypothesisH167BollingerRangingOFIGate,success,-0.13555907963254832,4,-0.010451598900356296,0.6800619852666089,-0.0026661542037438313,-0.03978719092185297,0.5,"{""bb_period"": 32, ""bb_std"": 3.0854, ""bw_pct"": 58, ""ofi_thresh"": 0.1048, ""ofi_window"": 6}"
HypothesisH167BollingerRangingOFIGate_a40f8e2c5b0a,HypothesisH167BollingerRangingOFIGate,success,-0.08988744923653429,82,-0.05552198720245627,0.9429595521452511,-0.012201054605073258,-0.034413717963942214,0.4756,"{""bb_period"": 10, ""bb_std"": 1.6413, ""bw_pct"": 55, ""ofi_thresh"": 0.229, ""ofi_window"": 8}"
HypothesisH167BollingerRangingOFIGate_a40f8e2c5b0a,HypothesisH167BollingerRangingOFIGate,success,-0.13555907963254832,4,-0.010451598900356296,0.6800619852666089,-0.0026661542037438313,-0.03978719092185297,0.5,"{""bb_period"": 21, ""bb_std"": 3.0358, ""bw_pct"": 17, ""ofi_thresh"": 0.3063, ""ofi_window"": 12}"
HypothesisH167BollingerRangingOFIGate_a40f8e2c5b0a,HypothesisH167BollingerRangingOFIGate,success,-0.08988744923653429,82,-0.05552198720245627,0.9429595521452511,-0.012201054605073258,-0.034413717963942214,0.4756,"{""bb_period"": 14, ""bb_std"": 2.3815, ""bw_pct"": 39, ""ofi_thresh"": 0.2463, ""ofi_window"": 4}"
HypothesisH167BollingerRangingOFIGate_a40f8e2c5b0a,HypothesisH167BollingerRangingOFIGate,success,-0.13555907963254832,4,-0.010451598900356296,0.6800619852666089,-0.0026661542037438313,-0.03978719092185297,0.5,"{""bb_period"": 17, ""bb_std"": 3.0215, ""bw_pct"": 61, ""ofi_thresh"": 0.4558, ""ofi_window"": 7}"
HypothesisH167BollingerRangingOFIGate_a40f8e2c5b0a,HypothesisH167BollingerRangingOFIGate,success,-0.08988744923653429,82,-0.05552198720245627,0.9429595521452511,-0.012201054605073258,-0.034413717963942214,0.4756,"{""bb_period"": 12, ""bb_std"": 2.3178, ""bw_pct"": 36, ""ofi_thresh"": 0.4163, ""ofi_window"": 9}"
HypothesisH167BollingerRangingOFIGate_a40f8e2c5b0a,HypothesisH167BollingerRangingOFIGate,success,-0.08988744923653429,82,-0.05552198720245627,0.9429595521452511,-0.012201054605073258,-0.034413717963942214,0.4756,"{""bb_period"": 38, ""bb_std"": 2.7011, ""bw_pct"": 43, ""ofi_thresh"": 0.1822, ""ofi_window"": 6}"
HypothesisH167BollingerRangingOFIGate_a40f8e2c5b0a,HypothesisH167BollingerRangingOFIGate,success,-0.08988744923653429,82,-0.05552198720245627,0.9429595521452511,-0.012201054605073258,-0.034413717963942214,0.4756,"{""bb_period"": 25, ""bb_std"": 2.6623, ""bw_pct"": 26, ""ofi_thresh"": 0.4458, ""ofi_window"": 7}"
HypothesisH167BollingerRangingOFIGate_a40f8e2c5b0a,HypothesisH167BollingerRangingOFIGate,success,-0.08988744923653429,82,-0.05552198720245627,0.9429595521452511,-0.012201054605073258,-0.034413717963942214,0.4756,"{""bb_period"": 34, ""bb_std"": 2.1056, ""bw_pct"": 28, ""ofi_thresh"": 0.0927, ""ofi_window"": 9}"
HypothesisH167BollingerRangingOFIGate_a40f8e2c5b0a,HypothesisH167BollingerRangingOFIGate,success,-0.08988744923653429,82,-0.05552198720245627,0.9429595521452511,-0.012201054605073258,-0.034413717963942214,0.4756,"{""bb_period"": 18, ""bb_std"": 1.8871, ""bw_pct"": 40, ""ofi_thresh"": 0.2549, ""ofi_window"": 10}"
HypothesisH167BollingerRangingOFIGate_a40f8e2c5b0a,HypothesisH167BollingerRangingOFIGate,success,-0.08988744923653429,82,-0.05552198720245627,0.9429595521452511,-0.012201054605073258,-0.034413717963942214,0.4756,"{""bb_period"": 25, ""bb_std"": 2.8664, ""bw_pct"": 33, ""ofi_thresh"": 0.2775, ""ofi_window"": 4}"
HypothesisH167BollingerRangingOFIGate_a40f8e2c5b0a,HypothesisH167BollingerRangingOFIGate,success,-0.42204103321570735,1,-0.0026147340042166345,0.0,-0.0022584847428400723,-0.13469625239749264,0.0,"{""bb_period"": 35, ""bb_std"": 2.1847, ""bw_pct"": 21, ""ofi_thresh"": 0.124, ""ofi_window"": 7}"
HypothesisH167BollingerRangingOFIGate_a40f8e2c5b0a,HypothesisH167BollingerRangingOFIGate,success,0.4078111064530234,67,-0.03010923781518471,1.3131854820147741,0.03446129725134206,0.1757729884036642,0.5224,"{""bb_period"": 40, ""bb_std"": 1.751, ""bw_pct"": 44, ""ofi_thresh"": 0.1643, ""ofi_window"": 5}"
HypothesisH167BollingerRangingOFIGate_a40f8e2c5b0a,HypothesisH167BollingerRangingOFIGate,success,0.0,0,0.0,0.0,0.0,0.0,0.5,"{""bb_period"": 28, ""bb_std"": 3.448, ""bw_pct"": 57, ""ofi_thresh"": 0.2373, ""ofi_window"": 15}"
HypothesisH167BollingerRangingOFIGate_a40f8e2c5b0a,HypothesisH167BollingerRangingOFIGate,success,0.4078111064530234,67,-0.03010923781518471,1.3131854820147741,0.03446129725134206,0.1757729884036642,0.5224,"{""bb_period"": 15, ""bb_std"": 1.6864, ""bw_pct"": 41, ""ofi_thresh"": 0.0557, ""ofi_window"": 8}"
HypothesisH167BollingerRangingOFIGate_a40f8e2c5b0a,HypothesisH167BollingerRangingOFIGate,success,-0.42204103321570735,1,-0.0026147340042166345,0.0,-0.0022584847428400723,-0.13469625239749264,0.0,"{""bb_period"": 26, ""bb_std"": 3.2569, ""bw_pct"": 20, ""ofi_thresh"": 0.2633, ""ofi_window"": 6}"
HypothesisH167BollingerRangingOFIGate_a40f8e2c5b0a,HypothesisH167BollingerRangingOFIGate,success,-0.42204103321570735,1,-0.0026147340042166345,0.0,-0.0022584847428400723,-0.13469625239749264,0.0,"{""bb_period"": 14, ""bb_std"": 2.9865, ""bw_pct"": 48, ""ofi_thresh"": 0.4012, ""ofi_window"": 11}"
HypothesisH167BollingerRangingOFIGate_a40f8e2c5b0a,HypothesisH167BollingerRangingOFIGate,success,0.34421776106811114,8,-0.008506838399374383,2.1259903056111984,0.010176797892649692,0.18558226722048257,0.625,"{""bb_period"": 16, ""bb_std"": 2.8093, ""bw_pct"": 51, ""ofi_thresh"": 0.3563, ""ofi_window"": 10}"
HypothesisH167BollingerRangingOFIGate_a40f8e2c5b0a,HypothesisH167BollingerRangingOFIGate,success,0.34421776106811114,8,-0.008506838399374383,2.1259903056111984,0.010176797892649692,0.18558226722048257,0.625,"{""bb_period"": 20, ""bb_std"": 2.8768, ""bw_pct"": 62, ""ofi_thresh"": 0.1746, ""ofi_window"": 13}"
HypothesisH167BollingerRangingOFIGate_a40f8e2c5b0a,HypothesisH167BollingerRangingOFIGate,success,0.4078111064530234,67,-0.03010923781518471,1.3131854820147741,0.03446129725134206,0.1757729884036642,0.5224,"{""bb_period"": 36, ""bb_std"": 2.4546, ""bw_pct"": 42, ""ofi_thresh"": 0.4541, ""ofi_window"": 2}"
HypothesisH167BollingerRangingOFIGate_a40f8e2c5b0a,HypothesisH167BollingerRangingOFIGate,success,-0.3307827705614529,39,-0.044622940937958155,0.7488287690690882,-0.02307613337218528,-0.0813629180861303,0.3077,"{""bb_period"": 12, ""bb_std"": 2.4767, ""bw_pct"": 51, ""ofi_thresh"": 0.0802, ""ofi_window"": 13}"
HypothesisH167BollingerRangingOFIGate_a40f8e2c5b0a,HypothesisH167BollingerRangingOFIGate,success,-0.2987203411908755,30,-0.03374266417593219,0.7370753943757513,-0.023730727166824117,-0.11068165779655101,0.4,"{""bb_period"": 13, ""bb_std"": 2.5184, ""bw_pct"": 46, ""ofi_thresh"": 0.4843, ""ofi_window"": 3}"
HypothesisH167BollingerRangingOFIGate_a40f8e2c5b0a,HypothesisH167BollingerRangingOFIGate,success,0.0,0,0.0,0.0,0.0,0.0,0.5,"{""bb_period"": 33, ""bb_std"": 2.9266, ""bw_pct"": 38, ""ofi_thresh"": 0.3307, ""ofi_window"": 6}"
HypothesisH167BollingerRangingOFIGate_a40f8e2c5b0a,HypothesisH167BollingerRangingOFIGate,success,0.0,0,0.0,0.0,0.0,0.0,0.5,"{""bb_period"": 34, ""bb_std"": 2.2747, ""bw_pct"": 69, ""ofi_thresh"": 0.4368, ""ofi_window"": 4}"
HypothesisH167BollingerRangingOFIGate_a40f8e2c5b0a,HypothesisH167BollingerRangingOFIGate,success,0.2552725237876494,134,-0.03229834276455257,1.2454090853950683,0.04246834457948223,0.20127119693836537,0.4851,"{""bb_period"": 36, ""bb_std"": 1.545, ""bw_pct"": 40, ""ofi_thresh"": 0.2944, ""ofi_window"": 14}"
HypothesisH167BollingerRangingOFIGate_a40f8e2c5b0a,HypothesisH167BollingerRangingOFIGate,success,0.0,0,0.0,0.0,0.0,0.0,0.5,"{""bb_period"": 24, ""bb_std"": 3.1557, ""bw_pct"": 32, ""ofi_thresh"": 0.1167, ""ofi_window"": 5}"
HypothesisH167BollingerRangingOFIGate_a40f8e2c5b0a,HypothesisH167BollingerRangingOFIGate,success,0.2552725237876494,134,-0.03229834276455257,1.2454090853950683,0.04246834457948223,0.20127119693836537,0.4851,"{""bb_period"": 30, ""bb_std"": 1.9692, ""bw_pct"": 29, ""ofi_thresh"": 0.1374, ""ofi_window"": 11}"
HypothesisH167BollingerRangingOFIGate_a40f8e2c5b0a,HypothesisH167BollingerRangingOFIGate,success,0.0,0,0.0,0.0,0.0,0.0,0.5,"{""bb_period"": 29, ""bb_std"": 1.9014, ""bw_pct"": 56, ""ofi_thresh"": 0.2691, ""ofi_window"": 13}"
HypothesisH167BollingerRangingOFIGate_a40f8e2c5b0a,HypothesisH167BollingerRangingOFIGate,success,0.06576275488532983,143,-0.06218380806826407,1.124203777189129,0.022044643717516355,0.0547232128379622,0.4545,"{""bb_period"": 27, ""bb_std"": 1.817, ""bw_pct"": 26, ""ofi_thresh"": 0.4207, ""ofi_window"": 14}"
HypothesisH167BollingerRangingOFIGate_a40f8e2c5b0a,HypothesisH167BollingerRangingOFIGate,success,0.0,0,0.0,0.0,0.0,0.0,0.5,"{""bb_period"": 24, ""bb_std"": 1.7889, ""bw_pct"": 49, ""ofi_thresh"": 0.0692, ""ofi_window"": 13}"
HypothesisH167BollingerRangingOFIGate_a40f8e2c5b0a,HypothesisH167BollingerRangingOFIGate,error,,,,,,,,"{""bb_period"": 18, ""bb_std"": 3.2701, ""bw_pct"": 66, ""ofi_thresh"": 0.1883, ""ofi_window"": 10}"
HypothesisH167BollingerRangingOFIGate_a40f8e2c5b0a,HypothesisH167BollingerRangingOFIGate,success,0.0,0,0.0,0.0,0.0,0.0,0.5,"{""bb_period"": 11, ""bb_std"": 3.124, ""bw_pct"": 24, ""ofi_thresh"": 0.3445, ""ofi_window"": 13}"
HypothesisH167BollingerRangingOFIGate_a40f8e2c5b0a,HypothesisH167BollingerRangingOFIGate,success,0.2327059638604913,5,-0.0029124480627963356,1.926154441734133,0.002504075430110886,0.1338080098616772,1.0,"{""bb_period"": 11, ""bb_std"": 1.7028, ""bw_pct"": 60, ""ofi_thresh"": 0.4322, ""ofi_window"": 11}"
HypothesisH167BollingerRangingOFIGate_a40f8e2c5b0a,HypothesisH167BollingerRangingOFIGate,success,0.2327059638604913,5,-0.0029124480627963356,1.926154441734133,0.002504075430110886,0.1338080098616772,1.0,"{""bb_period"": 35, ""bb_std"": 2.0057, ""bw_pct"": 16, ""ofi_thresh"": 0.4976, ""ofi_window"": 2}"
HypothesisH167BollingerRangingOFIGate_a40f8e2c5b0a,HypothesisH167BollingerRangingOFIGate,success,0.0,0,0.0,0.0,0.0,0.0,0.5,"{""bb_period"": 19, ""bb_std"": 3.2162, ""bw_pct"": 48, ""ofi_thresh"": 0.1255, ""ofi_window"": 14}"
HypothesisH167BollingerRangingOFIGate_a40f8e2c5b0a,HypothesisH167BollingerRangingOFIGate,success,0.48881404691519686,129,-0.035920859579597786,1.4249846834021749,0.08626572474265237,0.36120472239037066,0.4574,"{""bb_period"": 37, ""bb_std"": 1.9522, ""bw_pct"": 30, ""ofi_thresh"": 0.3583, ""ofi_window"": 11}"
HypothesisH167BollingerRangingOFIGate_a40f8e2c5b0a,HypothesisH167BollingerRangingOFIGate,success,0.48740218555267983,62,-0.03147383346264743,1.47206523116038,0.0499914433413724,0.24238900587865303,0.5484,"{""bb_period"": 20, ""bb_std"": 2.4036, ""bw_pct"": 45, ""ofi_thresh"": 0.3851, ""ofi_window"": 3}"
HypothesisH167BollingerRangingOFIGate_a40f8e2c5b0a,HypothesisH167BollingerRangingOFIGate,success,0.2327059638604913,5,-0.0029124480627963356,1.926154441734133,0.002504075430110886,0.1338080098616772,1.0,"{""bb_period"": 39, ""bb_std"": 2.0875, ""bw_pct"": 47, ""ofi_thresh"": 0.3219, ""ofi_window"": 8}"
HypothesisH167BollingerRangingOFIGate_a40f8e2c5b0a,HypothesisH167BollingerRangingOFIGate,success,0.2327059638604913,5,-0.0029124480627963356,1.926154441734133,0.002504075430110886,0.1338080098616772,1.0,"{""bb_period"": 33, ""bb_std"": 2.2253, ""bw_pct"": 34, ""ofi_thresh"": 0.3738, ""ofi_window"": 4}"
HypothesisH167BollingerRangingOFIGate_a40f8e2c5b0a,HypothesisH167BollingerRangingOFIGate,success,0.2327059638604913,5,-0.0029124480627963356,1.926154441734133,0.002504075430110886,0.1338080098616772,1.0,"{""bb_period"": 15, ""bb_std"": 3.18, ""bw_pct"": 63, ""ofi_thresh"": 0.146, ""ofi_window"": 3}"
HypothesisH167BollingerRangingOFIGate_a40f8e2c5b0a,HypothesisH167BollingerRangingOFIGate,success,0.48740218555267983,62,-0.03147383346264743,1.47206523116038,0.0499914433413724,0.24238900587865303,0.5484,"{""bb_period"": 31, ""bb_std"": 2.6009, ""bw_pct"": 31, ""ofi_thresh"": 0.2439, ""ofi_window"": 5}"
HypothesisH167BollingerRangingOFIGate_a40f8e2c5b0a,HypothesisH167BollingerRangingOFIGate,success,-0.5406402350037802,46,-0.06439736029269616,0.6169718395754735,-0.046357849142480645,-0.11441115423442653,0.4348,"{""bb_period"": 13, ""bb_std"": 2.1623, ""bw_pct"": 60, ""ofi_thresh"": 0.3416, ""ofi_window"": 3}"
HypothesisH167BollingerRangingOFIGate_a40f8e2c5b0a,HypothesisH167BollingerRangingOFIGate,success,-0.5406402350037802,46,-0.06439736029269616,0.6169718395754735,-0.046357849142480645,-0.11441115423442653,0.4348,"{""bb_period"": 17, ""bb_std"": 2.5806, ""bw_pct"": 54, ""ofi_thresh"": 0.149, ""ofi_window"": 11}"
HypothesisH167BollingerRangingOFIGate_a40f8e2c5b0a,HypothesisH167BollingerRangingOFIGate,success,0.0,0,0.0,0.0,0.0,0.0,1.0,"{""bb_period"": 26, ""bb_std"": 1.8623, ""bw_pct"": 22, ""ofi_thresh"": 0.1555, ""ofi_window"": 14}"
HypothesisH167BollingerRangingOFIGate_a40f8e2c5b0a,HypothesisH167BollingerRangingOFIGate,success,0.0,0,0.0,0.0,0.0,0.0,1.0,"{""bb_period"": 16, ""bb_std"": 1.617, ""bw_pct"": 36, ""ofi_thresh"": 0.2153, ""ofi_window"": 7}"
HypothesisH167BollingerRangingOFIGate_a40f8e2c5b0a,HypothesisH167BollingerRangingOFIGate,success,-0.26325638696246884,8,-0.015392470536714886,0.40331728764127023,-0.009255436056222144,-0.09404659491411343,0.625,"{""bb_period"": 19, ""bb_std"": 2.9658, ""bw_pct"": 35, ""ofi_thresh"": 0.0977, ""ofi_window"": 5}"
HypothesisH167BollingerRangingOFIGate_a40f8e2c5b0a,HypothesisH167BollingerRangingOFIGate,success,-0.26325638696246884,8,-0.015392470536714886,0.40331728764127023,-0.009255436056222144,-0.09404659491411343,0.625,"{""bb_period"": 27, ""bb_std"": 3.3527, ""bw_pct"": 18, ""ofi_thresh"": 0.0605, ""ofi_window"": 10}"
HypothesisH167BollingerRangingOFIGate_a40f8e2c5b0a,HypothesisH167BollingerRangingOFIGate,success,-0.26325638696246884,8,-0.015392470536714886,0.40331728764127023,-0.009255436056222144,-0.09404659491411343,0.625,"{""bb_period"": 21, ""bb_std"": 3.4844, ""bw_pct"": 52, ""ofi_thresh"": 0.4924, ""ofi_window"": 3}"
HypothesisH167BollingerRangingOFIGate_a40f8e2c5b0a,HypothesisH167BollingerRangingOFIGate,success,0.0,0,0.0,0.0,0.0,0.0,1.0,"{""bb_period"": 38, ""bb_std"": 2.2401, ""bw_pct"": 69, ""ofi_thresh"": 0.406, ""ofi_window"": 6}"
HypothesisH167BollingerRangingOFIGate_a40f8e2c5b0a,HypothesisH167BollingerRangingOFIGate,success,0.4121407232158883,33,-0.022887672266557635,1.614594224040835,0.03457006026497855,0.2319526764866886,0.5758,"{""bb_period"": 30, ""bb_std"": 1.5799, ""bw_pct"": 16, ""ofi_thresh"": 0.3922, ""ofi_window"": 4}"
HypothesisH167BollingerRangingOFIGate_a40f8e2c5b0a,HypothesisH167BollingerRangingOFIGate,success,0.455997056538117,1,-0.00024044591993388487,0.0,0.0010112772593582342,0.6549663541324313,1.0,"{""bb_period"": 32, ""bb_std"": 3.4044, ""bw_pct"": 68, ""ofi_thresh"": 0.3181, ""ofi_window"": 15}"
HypothesisH167BollingerRangingOFIGate_a40f8e2c5b0a,HypothesisH167BollingerRangingOFIGate,success,0.4121407232158883,33,-0.022887672266557635,1.614594224040835,0.03457006026497855,0.2319526764866886,0.5758,"{""bb_period"": 22, ""bb_std"": 2.5394, ""bw_pct"": 28, ""ofi_thresh"": 0.0795, ""ofi_window"": 15}"
HypothesisH167BollingerRangingOFIGate_a40f8e2c5b0a,HypothesisH167BollingerRangingOFIGate,success,0.0,0,0.0,0.0,0.0,0.0,1.0,"{""bb_period"": 23, ""bb_std"": 3.3725, ""bw_pct"": 65, ""ofi_thresh"": 0.2139, ""ofi_window"": 12}"
HypothesisH167BollingerRangingOFIGate_a40f8e2c5b0a,HypothesisH167BollingerRangingOFIGate,success,0.4121407232158883,33,-0.022887672266557635,1.614594224040835,0.03457006026497855,0.2319526764866886,0.5758,"{""bb_period"": 31, ""bb_std"": 2.7572, ""bw_pct"": 53, ""ofi_thresh"": 0.1991, ""ofi_window"": 10}"
HypothesisH167BollingerRangingOFIGate_a40f8e2c5b0a,HypothesisH167BollingerRangingOFIGate,success,-0.22240022065133988,5,-0.0065880383163224865,0.4891458190729714,-0.003343745010618626,-0.07918488659845185,0.6,"{""bb_period"": 28, ""bb_std"": 3.3275, ""bw_pct"": 20, ""ofi_thresh"": 0.2031, ""ofi_window"": 12}"
HypothesisH167BollingerRangingOFIGate_a40f8e2c5b0a,HypothesisH167BollingerRangingOFIGate,success,0.5481855676361115,57,-0.03260991560307691,1.7060693206494875,0.060031542168908825,0.27979126682805905,0.5439,"{""bb_period"": 39, ""bb_std"": 2.7894, ""bw_pct"": 23, ""ofi_thresh"": 0.3659, ""ofi_window"": 9}"
HypothesisH167BollingerRangingOFIGate_a40f8e2c5b0a,HypothesisH167BollingerRangingOFIGate,success,0.5481855676361115,57,-0.03260991560307691,1.7060693206494875,0.060031542168908825,0.27979126682805905,0.5439,"{""bb_period"": 37, ""bb_std"": 2.694, ""bw_pct"": 25, ""ofi_thresh"": 0.2881, ""ofi_window"": 12}"
HypothesisH167BollingerRangingOFIGate_a40f8e2c5b0a,HypothesisH167BollingerRangingOFIGate,success,0.19891810355066292,60,-0.02397374057241841,1.3823629475170454,0.02367328991393003,0.15232650422196553,0.5,"{""bb_period"": 29, ""bb_std"": 2.065, ""bw_pct"": 58, ""ofi_thresh"": 0.4736, ""ofi_window"": 9}"
HypothesisH167BollingerRangingOFIGate_a40f8e2c5b0a,HypothesisH167BollingerRangingOFIGate,success,-0.4366979014404422,83,-0.05588429596061961,0.7607416505744599,-0.04562288172247386,-0.12970781337651432,0.4458,"{""bb_period"": 23, ""bb_std"": 2.3649, ""bw_pct"": 66, ""ofi_thresh"": 0.3043, ""ofi_window"": 7}"
HypothesisH167BollingerRangingOFIGate_a40f8e2c5b0a,HypothesisH167BollingerRangingOFIGate,success,-0.6862623891103955,182,-0.09938077630707498,0.7598055419048537,-0.07095307086268066,-0.11471390161840082,0.4341,"{""bb_period"": 22, ""bb_std"": 1.5007, ""bw_pct"": 64, ""ofi_thresh"": 0.4642, ""ofi_window"": 8}"
HypothesisH203VolExpansionEntry_6edcbb5c7b5c,HypothesisH203VolExpansionEntry,success,-0.422078321011009,182,-0.11106899551297433,0.8508842120551114,-0.04747518780789406,-0.06796728509292062,0.4176,"{""ofi_window"": 8}"
HypothesisH203VolExpansionEntry_6edcbb5c7b5c,HypothesisH203VolExpansionEntry,success,-0.422078321011009,182,-0.11106899551297433,0.8508842120551114,-0.04747518780789406,-0.06796728509292062,0.4176,"{""ofi_window"": 2}"
HypothesisH203VolExpansionEntry_6edcbb5c7b5c,HypothesisH203VolExpansionEntry,success,-0.422078321011009,182,-0.11106899551297433,0.8508842120551114,-0.04747518780789406,-0.06796728509292062,0.4176,"{""ofi_window"": 5}"
HypothesisH203VolExpansionEntry_6edcbb5c7b5c,HypothesisH203VolExpansionEntry,success,-0.28097303139434543,79,-0.045725388756303276,0.8235204073907163,-0.03517656851203177,-0.12167167974339507,0.443,"{""ofi_window"": 11}"
HypothesisH203VolExpansionEntry_6edcbb5c7b5c,HypothesisH203VolExpansionEntry,success,-0.422078321011009,182,-0.11106899551297433,0.8508842120551114,-0.04747518780789406,-0.06796728509292062,0.4176,"{""ofi_window"": 2}"
HypothesisH203VolExpansionEntry_6edcbb5c7b5c,HypothesisH203VolExpansionEntry,success,-0.422078321011009,182,-0.11106899551297433,0.8508842120551114,-0.04747518780789406,-0.06796728509292062,0.4176,"{""ofi_window"": 2}"
HypothesisH203VolExpansionEntry_6edcbb5c7b5c,HypothesisH203VolExpansionEntry,success,-0.422078321011009,182,-0.11106899551297433,0.8508842120551114,-0.04747518780789406,-0.06796728509292062,0.4176,"{""ofi_window"": 7}"
HypothesisH203VolExpansionEntry_6edcbb5c7b5c,HypothesisH203VolExpansionEntry,success,-0.422078321011009,182,-0.11106899551297433,0.8508842120551114,-0.04747518780789406,-0.06796728509292062,0.4176,"{""ofi_window"": 7}"
HypothesisH203VolExpansionEntry_6edcbb5c7b5c,HypothesisH203VolExpansionEntry,success,-0.422078321011009,182,-0.11106899551297433,0.8508842120551114,-0.04747518780789406,-0.06796728509292062,0.4176,"{""ofi_window"": 4}"
HypothesisH203VolExpansionEntry_6edcbb5c7b5c,HypothesisH203VolExpansionEntry,success,-0.422078321011009,182,-0.11106899551297433,0.8508842120551114,-0.04747518780789406,-0.06796728509292062,0.4176,"{""ofi_window"": 4}"
HypothesisH203VolExpansionEntry_6edcbb5c7b5c,HypothesisH203VolExpansionEntry,success,-0.422078321011009,182,-0.11106899551297433,0.8508842120551114,-0.04747518780789406,-0.06796728509292062,0.4176,"{""ofi_window"": 7}"
HypothesisH203VolExpansionEntry_6edcbb5c7b5c,HypothesisH203VolExpansionEntry,success,-0.38644904098958577,162,-0.0809577191548505,0.8590119756769218,-0.050492056245957984,-0.09930400665984099,0.4136,"{""ofi_window"": 9}"
HypothesisH203VolExpansionEntry_6edcbb5c7b5c,HypothesisH203VolExpansionEntry,success,-0.38644904098958577,162,-0.0809577191548505,0.8590119756769218,-0.050492056245957984,-0.09930400665984099,0.4136,"{""ofi_window"": 6}"
HypothesisH203VolExpansionEntry_6edcbb5c7b5c,HypothesisH203VolExpansionEntry,success,-0.38644904098958577,162,-0.0809577191548505,0.8590119756769218,-0.050492056245957984,-0.09930400665984099,0.4136,"{""ofi_window"": 5}"
HypothesisH203VolExpansionEntry_6edcbb5c7b5c,HypothesisH203VolExpansionEntry,error,,,,,,,,"{""ofi_window"": 1}"
HypothesisH203VolExpansionEntry_6edcbb5c7b5c,HypothesisH203VolExpansionEntry,success,-0.38644904098958577,162,-0.0809577191548505,0.8590119756769218,-0.050492056245957984,-0.09930400665984099,0.4136,"{""ofi_window"": 2}"
HypothesisH203VolExpansionEntry_6edcbb5c7b5c,HypothesisH203VolExpansionEntry,success,-0.38644904098958577,162,-0.0809577191548505,0.8590119756769218,-0.050492056245957984,-0.09930400665984099,0.4136,"{""ofi_window"": 8}"
HypothesisH203VolExpansionEntry_6edcbb5c7b5c,HypothesisH203VolExpansionEntry,success,0.5453102467507219,116,-0.02218552710257815,1.5789982950887012,0.101777011556762,0.6858003182532173,0.5086,"{""ofi_window"": 3}"
HypothesisH203VolExpansionEntry_6edcbb5c7b5c,HypothesisH203VolExpansionEntry,success,-0.38644904098958577,162,-0.0809577191548505,0.8590119756769218,-0.050492056245957984,-0.09930400665984099,0.4136,"{""ofi_window"": 4}"
HypothesisH203VolExpansionEntry_6edcbb5c7b5c,HypothesisH203VolExpansionEntry,success,-0.38644904098958577,162,-0.0809577191548505,0.8590119756769218,-0.050492056245957984,-0.09930400665984099,0.4136,"{""ofi_window"": 6}"
HypothesisH203VolExpansionEntry_6edcbb5c7b5c,HypothesisH203VolExpansionEntry,success,-0.2866545662790281,177,-0.0891435737859888,0.899101860095257,-0.04436332101315488,-0.07902556035258906,0.4294,"{""ofi_window"": 10}"
HypothesisH203VolExpansionEntry_6edcbb5c7b5c,HypothesisH203VolExpansionEntry,success,-0.2866545662790281,177,-0.0891435737859888,0.899101860095257,-0.04436332101315488,-0.07902556035258906,0.4294,"{""ofi_window"": 10}"
HypothesisH203VolExpansionEntry_6edcbb5c7b5c,HypothesisH203VolExpansionEntry,success,-0.03453092505623006,148,-0.07475410228945112,1.0667933276001524,0.01494969175033889,0.030961681654236455,0.4459,"{""ofi_window"": 12}"
HypothesisH203VolExpansionEntry_6edcbb5c7b5c,HypothesisH203VolExpansionEntry,error,,,,,,,,"{""ofi_window"": 1}"
HypothesisH203VolExpansionEntry_6edcbb5c7b5c,HypothesisH203VolExpansionEntry,success,-0.422078321011009,182,-0.11106899551297433,0.8508842120551114,-0.04747518780789406,-0.06796728509292062,0.4176,"{""ofi_window"": 10}"
HypothesisH203VolExpansionEntry_6edcbb5c7b5c,HypothesisH203VolExpansionEntry,success,-0.422078321011009,182,-0.11106899551297433,0.8508842120551114,-0.04747518780789406,-0.06796728509292062,0.4176,"{""ofi_window"": 3}"
HypothesisH203VolExpansionEntry_6edcbb5c7b5c,HypothesisH203VolExpansionEntry,success,-0.28097303139434543,79,-0.045725388756303276,0.8235204073907163,-0.03517656851203177,-0.12167167974339507,0.443,"{""ofi_window"": 11}"
HypothesisH203VolExpansionEntry_6edcbb5c7b5c,HypothesisH203VolExpansionEntry,success,-0.28097303139434543,79,-0.045725388756303276,0.8235204073907163,-0.03517656851203177,-0.12167167974339507,0.443,"{""ofi_window"": 7}"
HypothesisH203VolExpansionEntry_6edcbb5c7b5c,HypothesisH203VolExpansionEntry,success,-0.28097303139434543,79,-0.045725388756303276,0.8235204073907163,-0.03517656851203177,-0.12167167974339507,0.443,"{""ofi_window"": 11}"
HypothesisH203VolExpansionEntry_6edcbb5c7b5c,HypothesisH203VolExpansionEntry,success,-0.422078321011009,182,-0.11106899551297433,0.8508842120551114,-0.04747518780789406,-0.06796728509292062,0.4176,"{""ofi_window"": 7}"
HypothesisH203VolExpansionEntry_6edcbb5c7b5c,HypothesisH203VolExpansionEntry,success,-0.038655053702231656,101,-0.07566991040800708,1.0242081739758058,0.0032601942613972312,0.006703087137320809,0.4356,"{""ofi_window"": 9}"
HypothesisH203VolExpansionEntry_6edcbb5c7b5c,HypothesisH203VolExpansionEntry,success,0.130789222112119,132,-0.06625481141744682,1.1722154158472888,0.034805176260599424,0.08066504185608292,0.4773,"{""ofi_window"": 8}"
HypothesisH203VolExpansionEntry_6edcbb5c7b5c,HypothesisH203VolExpansionEntry,success,-0.2866545662790281,177,-0.0891435737859888,0.899101860095257,-0.04436332101315488,-0.07902556035258906,0.4294,"{""ofi_window"": 10}"
HypothesisH203VolExpansionEntry_6edcbb5c7b5c,HypothesisH203VolExpansionEntry,success,0.5453102467507219,116,-0.02218552710257815,1.5789982950887012,0.101777011556762,0.6858003182532173,0.5086,"{""ofi_window"": 3}"
HypothesisH203VolExpansionEntry_6edcbb5c7b5c,HypothesisH203VolExpansionEntry,success,-0.38644904098958577,162,-0.0809577191548505,0.8590119756769218,-0.050492056245957984,-0.09930400665984099,0.4136,"{""ofi_window"": 12}"
HypothesisH203VolExpansionEntry_6edcbb5c7b5c,HypothesisH203VolExpansionEntry,success,-0.38644904098958577,162,-0.0809577191548505,0.8590119756769218,-0.050492056245957984,-0.09930400665984099,0.4136,"{""ofi_window"": 6}"
HypothesisH203VolExpansionEntry_6edcbb5c7b5c,HypothesisH203VolExpansionEntry,success,0.2687094920346007,91,-0.05604809899721963,1.2767478406632928,0.052617704443587154,0.14311183067970185,0.5275,"{""ofi_window"": 8}"
HypothesisH203VolExpansionEntry_6edcbb5c7b5c,HypothesisH203VolExpansionEntry,success,0.2687094920346007,91,-0.05604809899721963,1.2767478406632928,0.052617704443587154,0.14311183067970185,0.5275,"{""ofi_window"": 2}"
HypothesisH203VolExpansionEntry_6edcbb5c7b5c,HypothesisH203VolExpansionEntry,success,-0.15318742359991422,124,-0.07248235612000198,0.9560675094327638,-0.013841712862613487,-0.029926830154169227,0.4113,"{""ofi_window"": 5}"
HypothesisH203VolExpansionEntry_6edcbb5c7b5c,HypothesisH203VolExpansionEntry,success,0.5453102467507219,116,-0.02218552710257815,1.5789982950887012,0.101777011556762,0.6858003182532173,0.5086,"{""ofi_window"": 3}"
HypothesisH203VolExpansionEntry_6edcbb5c7b5c,HypothesisH203VolExpansionEntry,success,-0.03453092505623006,148,-0.07475410228945112,1.0667933276001524,0.01494969175033889,0.030961681654236455,0.4459,"{""ofi_window"": 12}"
HypothesisH203VolExpansionEntry_6edcbb5c7b5c,HypothesisH203VolExpansionEntry,error,,,,,,,,"{""ofi_window"": 1}"
HypothesisH203VolExpansionEntry_6edcbb5c7b5c,HypothesisH203VolExpansionEntry,success,0.5453102467507219,116,-0.02218552710257815,1.5789982950887012,0.101777011556762,0.6858003182532173,0.5086,"{""ofi_window"": 3}"
HypothesisH203VolExpansionEntry_6edcbb5c7b5c,HypothesisH203VolExpansionEntry,success,-0.28097303139434543,79,-0.045725388756303276,0.8235204073907163,-0.03517656851203177,-0.12167167974339507,0.443,"{""ofi_window"": 5}"
HypothesisH203VolExpansionEntry_6edcbb5c7b5c,HypothesisH203VolExpansionEntry,success,-0.28097303139434543,79,-0.045725388756303276,0.8235204073907163,-0.03517656851203177,-0.12167167974339507,0.443,"{""ofi_window"": 11}"
HypothesisH203VolExpansionEntry_6edcbb5c7b5c,HypothesisH203VolExpansionEntry,success,-0.28097303139434543,79,-0.045725388756303276,0.8235204073907163,-0.03517656851203177,-0.12167167974339507,0.443,"{""ofi_window"": 11}"
HypothesisH203VolExpansionEntry_6edcbb5c7b5c,HypothesisH203VolExpansionEntry,success,-0.038655053702231656,101,-0.07566991040800708,1.0242081739758058,0.0032601942613972312,0.006703087137320809,0.4356,"{""ofi_window"": 9}"
HypothesisH203VolExpansionEntry_6edcbb5c7b5c,HypothesisH203VolExpansionEntry,success,-0.2866545662790281,177,-0.0891435737859888,0.899101860095257,-0.04436332101315488,-0.07902556035258906,0.4294,"{""ofi_window"": 10}"
HypothesisH203VolExpansionEntry_6edcbb5c7b5c,HypothesisH203VolExpansionEntry,success,-0.38644904098958577,162,-0.0809577191548505,0.8590119756769218,-0.050492056245957984,-0.09930400665984099,0.4136,"{""ofi_window"": 9}"
HypothesisH203VolExpansionEntry_6edcbb5c7b5c,HypothesisH203VolExpansionEntry,success,-0.38644904098958577,162,-0.0809577191548505,0.8590119756769218,-0.050492056245957984,-0.09930400665984099,0.4136,"{""ofi_window"": 5}"
HypothesisH203VolExpansionEntry_6edcbb5c7b5c,HypothesisH203VolExpansionEntry,success,-0.38644904098958577,162,-0.0809577191548505,0.8590119756769218,-0.050492056245957984,-0.09930400665984099,0.4136,"{""ofi_window"": 9}"
HypothesisH203VolExpansionEntry_6edcbb5c7b5c,HypothesisH203VolExpansionEntry,success,-0.38644904098958577,162,-0.0809577191548505,0.8590119756769218,-0.050492056245957984,-0.09930400665984099,0.4136,"{""ofi_window"": 8}"
HypothesisH203VolExpansionEntry_6edcbb5c7b5c,HypothesisH203VolExpansionEntry,success,-0.38644904098958577,162,-0.0809577191548505,0.8590119756769218,-0.050492056245957984,-0.09930400665984099,0.4136,"{""ofi_window"": 6}"
HypothesisH203VolExpansionEntry_6edcbb5c7b5c,HypothesisH203VolExpansionEntry,success,0.2687094920346007,91,-0.05604809899721963,1.2767478406632928,0.052617704443587154,0.14311183067970185,0.5275,"{""ofi_window"": 2}"
HypothesisH203VolExpansionEntry_6edcbb5c7b5c,HypothesisH203VolExpansionEntry,success,-0.014259878909105688,124,-0.08034739794372825,1.0234112940361257,0.004472317302752327,0.008655534394051347,0.4194,"{""ofi_window"": 4}"
HypothesisH203VolExpansionEntry_6edcbb5c7b5c,HypothesisH203VolExpansionEntry,success,-0.2866545662790281,177,-0.0891435737859888,0.899101860095257,-0.04436332101315488,-0.07902556035258906,0.4294,"{""ofi_window"": 10}"
HypothesisH203VolExpansionEntry_6edcbb5c7b5c,HypothesisH203VolExpansionEntry,success,-0.38644904098958577,162,-0.0809577191548505,0.8590119756769218,-0.050492056245957984,-0.09930400665984099,0.4136,"{""ofi_window"": 4}"
HypothesisH203VolExpansionEntry_6edcbb5c7b5c,HypothesisH203VolExpansionEntry,success,-0.38644904098958577,162,-0.0809577191548505,0.8590119756769218,-0.050492056245957984,-0.09930400665984099,0.4136,"{""ofi_window"": 5}"
HypothesisH203VolExpansionEntry_6edcbb5c7b5c,HypothesisH203VolExpansionEntry,success,-0.38644904098958577,162,-0.0809577191548505,0.8590119756769218,-0.050492056245957984,-0.09930400665984099,0.4136,"{""ofi_window"": 6}"
HypothesisH203VolExpansionEntry_6edcbb5c7b5c,HypothesisH203VolExpansionEntry,success,0.130789222112119,132,-0.06625481141744682,1.1722154158472888,0.034805176260599424,0.08066504185608292,0.4773,"{""ofi_window"": 8}"
unknown,HypothesisH236MomentumReversalAsym,success,0.22046122258704284,28,-0.025630554132270778,1.3346887032957122,0.018805547764766617,0.09336418785125376,0.6071,"{""dn_thresh"": 0.0444, ""up_thresh"": 0.0332}"
unknown,HypothesisH236MomentumReversalAsym,success,-0.08860576518031647,118,-0.03671101659570464,1.1102887739963312,0.013069373196317402,0.04541325449223888,0.4831,"{""dn_thresh"": 0.007, ""up_thresh"": 0.0688}"
unknown,HypothesisH236MomentumReversalAsym,success,0.22046122258704284,28,-0.025630554132270778,1.3346887032957122,0.018805547764766617,0.09336418785125376,0.6071,"{""dn_thresh"": 0.0157, ""up_thresh"": 0.0364}"
unknown,HypothesisH236MomentumReversalAsym,success,0.22046122258704284,28,-0.025630554132270778,1.3346887032957122,0.018805547764766617,0.09336418785125376,0.6071,"{""dn_thresh"": 0.0303, ""up_thresh"": 0.0315}"
unknown,HypothesisH236MomentumReversalAsym,success,0.22046122258704284,28,-0.025630554132270778,1.3346887032957122,0.018805547764766617,0.09336418785125376,0.6071,"{""dn_thresh"": 0.0093, ""up_thresh"": 0.064}"
unknown,HypothesisH236MomentumReversalAsym,success,0.22046122258704284,28,-0.025630554132270778,1.3346887032957122,0.018805547764766617,0.09336418785125376,0.6071,"{""dn_thresh"": 0.0539, ""up_thresh"": 0.0275}"
unknown,HypothesisH236MomentumReversalAsym,success,0.22046122258704284,28,-0.025630554132270778,1.3346887032957122,0.018805547764766617,0.09336418785125376,0.6071,"{""dn_thresh"": 0.0112, ""up_thresh"": 0.0032}"
unknown,HypothesisH236MomentumReversalAsym,success,0.20079739668870478,3,-0.006987660625075387,2.742804301670587,0.005174256881139927,0.0947815814719515,0.6667,"{""dn_thresh"": 0.0781, ""up_thresh"": 0.0143}"
unknown,HypothesisH236MomentumReversalAsym,success,0.22046122258704284,28,-0.025630554132270778,1.3346887032957122,0.018805547764766617,0.09336418785125376,0.6071,"{""dn_thresh"": 0.0588, ""up_thresh"": 0.0273}"
unknown,HypothesisH236MomentumReversalAsym,success,-0.08860576518031647,118,-0.03671101659570464,1.1102887739963312,0.013069373196317402,0.04541325449223888,0.4831,"{""dn_thresh"": 0.0096, ""up_thresh"": 0.0497}"
unknown,HypothesisH236MomentumReversalAsym,success,0.22046122258704284,28,-0.025630554132270778,1.3346887032957122,0.018805547764766617,0.09336418785125376,0.6071,"{""dn_thresh"": 0.0392, ""up_thresh"": 0.0783}"
unknown,HypothesisH236MomentumReversalAsym,success,0.3385906255982421,55,-0.04975726669508573,1.4405935170239443,0.05798031776267987,0.14584246151363633,0.5273,"{""dn_thresh"": 0.0056, ""up_thresh"": 0.0224}"
unknown,HypothesisH236MomentumReversalAsym,success,0.3120936325303054,18,-0.02711377558926298,1.5807463702260849,0.025968345499073786,0.12149962372681627,0.5556,"{""dn_thresh"": 0.0277, ""up_thresh"": 0.0438}"
unknown,HypothesisH236MomentumReversalAsym,success,0.5785128889389027,12,-0.01128945744182186,4.137471602387534,0.030851414662328436,0.3459546277741924,0.6667,"{""dn_thresh"": 0.073, ""up_thresh"": 0.0466}"
unknown,HypothesisH236MomentumReversalAsym,success,0.5194649643159917,22,-0.020736965308141397,2.1538516482481853,0.03866173216586977,0.23524223611886333,0.5455,"{""dn_thresh"": 0.0708, ""up_thresh"": 0.0239}"
unknown,HypothesisH236MomentumReversalAsym,success,0.3120936325303054,18,-0.02711377558926298,1.5807463702260849,0.025968345499073786,0.12149962372681627,0.5556,"{""dn_thresh"": 0.0675, ""up_thresh"": 0.0672}"
unknown,HypothesisH236MomentumReversalAsym,success,0.4550859751041296,17,-0.011799540066296355,1.9384109493758281,0.024769937384351515,0.2664420431679831,0.5294,"{""dn_thresh"": 0.0629, ""up_thresh"": 0.0089}"
unknown,HypothesisH236MomentumReversalAsym,success,0.4542462185357362,23,-0.0288510005947743,1.784002280410107,0.041107572169948536,0.17959392849655034,0.6087,"{""dn_thresh"": 0.0666, ""up_thresh"": 0.0169}"
unknown,HypothesisH236MomentumReversalAsym,success,0.3385906255982421,55,-0.04975726669508573,1.4405935170239443,0.05798031776267987,0.14584246151363633,0.5273,"{""dn_thresh"": 0.049, ""up_thresh"": 0.0717}"
unknown,HypothesisH236MomentumReversalAsym,success,0.41282139043419,21,-0.024998212950672283,2.166951848236374,0.046295473791395425,0.2329226936880493,0.5238,"{""dn_thresh"": 0.072, ""up_thresh"": 0.0535}"
unknown,HypothesisH236MomentumReversalAsym,success,6.465792905497885e-05,17,-0.029883922030679577,0.9928192480927671,-0.0005989376199121432,-0.0025718317335693447,0.4118,"{""dn_thresh"": 0.0743, ""up_thresh"": 0.0468}"
unknown,HypothesisH236MomentumReversalAsym,success,-0.13138622780195927,55,-0.08374558568590729,0.8633547711232452,-0.02816177015329735,-0.0436793226507616,0.4182,"{""dn_thresh"": 0.0573, ""up_thresh"": 0.0206}"
unknown,HypothesisH236MomentumReversalAsym,success,-0.060853123238469156,44,-0.054363112417025405,0.9525475262466775,-0.0057826384393355745,-0.01368056556246452,0.4318,"{""dn_thresh"": 0.0122, ""up_thresh"": 0.0071}"
unknown,HypothesisH236MomentumReversalAsym,success,-0.060853123238469156,44,-0.054363112417025405,0.9525475262466775,-0.0057826384393355745,-0.01368056556246452,0.4318,"{""dn_thresh"": 0.0051, ""up_thresh"": 0.0219}"
unknown,HypothesisH236MomentumReversalAsym,success,-0.060853123238469156,44,-0.054363112417025405,0.9525475262466775,-0.0057826384393355745,-0.01368056556246452,0.4318,"{""dn_thresh"": 0.0034, ""up_thresh"": 0.0195}"
unknown,HypothesisH236MomentumReversalAsym,success,0.6339536966251849,26,-0.016750018848147308,2.000564614143903,0.06559264011243848,0.48857060287181436,0.6154,"{""dn_thresh"": 0.0695, ""up_thresh"": 0.0299}"
unknown,HypothesisH236MomentumReversalAsym,success,0.6339536966251849,26,-0.016750018848147308,2.000564614143903,0.06559264011243848,0.48857060287181436,0.6154,"{""dn_thresh"": 0.0379, ""up_thresh"": 0.065}"
unknown,HypothesisH236MomentumReversalAsym,success,0.6339536966251849,26,-0.016750018848147308,2.000564614143903,0.06559264011243848,0.48857060287181436,0.6154,"{""dn_thresh"": 0.056, ""up_thresh"": 0.0443}"
unknown,HypothesisH236MomentumReversalAsym,success,0.6339536966251849,26,-0.016750018848147308,2.000564614143903,0.06559264011243848,0.48857060287181436,0.6154,"{""dn_thresh"": 0.064, ""up_thresh"": 0.01}"
unknown,HypothesisH236MomentumReversalAsym,success,0.8848307774779298,18,-0.010190364408458108,4.786719138945395,0.05982646123944724,0.7342263071058701,0.7222,"{""dn_thresh"": 0.0554, ""up_thresh"": 0.058}"
unknown,HypothesisH236MomentumReversalAsym,success,-0.060853123238469156,44,-0.054363112417025405,0.9525475262466775,-0.0057826384393355745,-0.01368056556246452,0.4318,"{""dn_thresh"": 0.0522, ""up_thresh"": 0.073}"
unknown,HypothesisH236MomentumReversalAsym,success,-0.14504745628567894,78,-0.09052044003106285,0.8841330667345416,-0.0250466162810552,-0.03589033922847572,0.5128,"{""dn_thresh"": 0.0241, ""up_thresh"": 0.0059}"
unknown,HypothesisH236MomentumReversalAsym,success,0.1588125543565051,120,-0.025846855343204522,1.333461926093779,0.03627559421257032,0.17726556781829003,0.5917,"{""dn_thresh"": 0.0189, ""up_thresh"": 0.0421}"
unknown,HypothesisH236MomentumReversalAsym,success,-0.1380003826625824,60,-0.049055062560693585,0.8454490406816425,-0.027076980874145673,-0.07166122270717173,0.4667,"{""dn_thresh"": 0.0498, ""up_thresh"": 0.0668}"
unknown,HypothesisH236MomentumReversalAsym,success,-0.17243508160154541,8,-0.017585594048932673,0.6722124971190174,-0.009163594657248475,-0.0671173874752959,0.25,"{""dn_thresh"": 0.0261, ""up_thresh"": 0.0563}"
unknown,HypothesisH236MomentumReversalAsym,success,0.5640772512710216,62,-0.0348208552974868,1.6527623829166005,0.09559561740769063,0.33834015176779697,0.5968,"{""dn_thresh"": 0.0322, ""up_thresh"": 0.0756}"
unknown,HypothesisH236MomentumReversalAsym,success,0.5640772512710216,62,-0.0348208552974868,1.6527623829166005,0.09559561740769063,0.33834015176779697,0.5968,"{""dn_thresh"": 0.0507, ""up_thresh"": 0.0771}"
unknown,HypothesisH236MomentumReversalAsym,success,-0.1380003826625824,60,-0.049055062560693585,0.8454490406816425,-0.027076980874145673,-0.07166122270717173,0.4667,"{""dn_thresh"": 0.0478, ""up_thresh"": 0.0591}"
unknown,HypothesisH236MomentumReversalAsym,success,0.12529024676764045,140,-0.07095353376896996,1.1514474317290604,0.03189839926627358,0.05688774526635027,0.4929,"{""dn_thresh"": 0.0219, ""up_thresh"": 0.0522}"
unknown,HypothesisH236MomentumReversalAsym,success,-0.17243508160154541,8,-0.017585594048932673,0.6722124971190174,-0.009163594657248475,-0.0671173874752959,0.25,"{""dn_thresh"": 0.0754, ""up_thresh"": 0.07}"
unknown,HypothesisH236MomentumReversalAsym,success,-0.12250884830835748,138,-0.08637560661746091,0.915391851752364,-0.03731505870931995,-0.056344425399465756,0.4348,"{""dn_thresh"": 0.0368, ""up_thresh"": 0.0346}"
unknown,HypothesisH236MomentumReversalAsym,success,0.12529024676764045,140,-0.07095353376896996,1.1514474317290604,0.03189839926627358,0.05688774526635027,0.4929,"{""dn_thresh"": 0.0289, ""up_thresh"": 0.0631}"
unknown,HypothesisH236MomentumReversalAsym,success,0.3228416820651798,6,-0.008235671420557256,3.2836056544078387,0.00929739641001004,0.14424281613828877,0.5,"{""dn_thresh"": 0.08, ""up_thresh"": 0.0606}"
unknown,HypothesisH236MomentumReversalAsym,success,-0.005153952175880163,153,-0.07463703585774772,1.0078444886570623,0.000428000251425642,0.0007355188224458045,0.4118,"{""dn_thresh"": 0.0329, ""up_thresh"": 0.0396}"
unknown,HypothesisH236MomentumReversalAsym,success,-0.020140276000045945,15,-0.03195822804884896,0.9585035092419135,-0.0022821933181338405,-0.009170379054901664,0.6,"{""dn_thresh"": 0.0605, ""up_thresh"": 0.0486}"
unknown,HypothesisH236MomentumReversalAsym,success,0.62131091826652,11,-0.01375023467081471,3.3948886226162895,0.03953060342087644,0.3626127779158646,0.4545,"{""dn_thresh"": 0.0464, ""up_thresh"": 0.0406}"
unknown,HypothesisH236MomentumReversalAsym,success,0.62131091826652,11,-0.01375023467081471,3.3948886226162895,0.03953060342087644,0.3626127779158646,0.4545,"{""dn_thresh"": 0.014, ""up_thresh"": 0.0551}"
unknown,HypothesisH236MomentumReversalAsym,success,0.62131091826652,11,-0.01375023467081471,3.3948886226162895,0.03953060342087644,0.3626127779158646,0.4545,"{""dn_thresh"": 0.0347, ""up_thresh"": 0.0176}"
unknown,HypothesisH236MomentumReversalAsym,success,0.62131091826652,11,-0.01375023467081471,3.3948886226162895,0.03953060342087644,0.3626127779158646,0.4545,"{""dn_thresh"": 0.077, ""up_thresh"": 0.0799}"
unknown,HypothesisH236MomentumReversalAsym,success,0.6031436144473791,21,-0.02135558059005105,1.9632112234557906,0.054341653868846596,0.31896293378670293,0.619,"{""dn_thresh"": 0.0426, ""up_thresh"": 0.012}"
unknown,HypothesisH236MomentumReversalAsym,success,-0.11694285386571157,19,-0.03195822804884907,0.8625971801096822,-0.010542986026477297,-0.04251775922372347,0.5263,"{""dn_thresh"": 0.0609, ""up_thresh"": 0.0509}"
unknown,HypothesisH236MomentumReversalAsym,success,0.6031436144473791,21,-0.02135558059005105,1.9632112234557906,0.054341653868846596,0.31896293378670293,0.619,"{""dn_thresh"": 0.0655, ""up_thresh"": 0.0043}"
unknown,HypothesisH236MomentumReversalAsym,success,-0.29693117322780654,140,-0.11044276628733996,0.8222350597564135,-0.07417026758259981,-0.08907578151613618,0.4286,"{""dn_thresh"": 0.0264, ""up_thresh"": 0.038}"
unknown,HypothesisH236MomentumReversalAsym,success,-0.29693117322780654,140,-0.11044276628733996,0.8222350597564135,-0.07417026758259981,-0.08907578151613618,0.4286,"{""dn_thresh"": 0.0358, ""up_thresh"": 0.0116}"
unknown,HypothesisH236MomentumReversalAsym,success,0.16466585056944963,138,-0.020645538506028016,1.2320987937113355,0.0395853023427426,0.24183407212644378,0.5652,"{""dn_thresh"": 0.0183, ""up_thresh"": 0.0737}"
unknown,HypothesisH236MomentumReversalAsym,success,-0.07532181313094842,95,-0.05739962939032772,0.9571983424574109,-0.01219458238242932,-0.027400773213980566,0.4526,"{""dn_thresh"": 0.0409, ""up_thresh"": 0.0258}"
unknown,HypothesisH236MomentumReversalAsym,success,0.26370931679429466,105,-0.047730987483052045,1.3075384682881261,0.04509748723383411,0.11889205629463083,0.5143,"{""dn_thresh"": 0.0206, ""up_thresh"": 0.0151}"
unknown,HypothesisH236MomentumReversalAsym,success,-0.24277641077922285,104,-0.0761299444027711,0.8305398149117069,-0.05296019085796788,-0.09137482008704284,0.4135,"{""dn_thresh"": 0.0233, ""up_thresh"": 0.0353}"
unknown,HypothesisH236MomentumReversalAsym,success,0.2294208145585492,219,-0.039765107755037055,1.1736860276977954,0.06428400567498604,0.20180115414322486,0.5068,"{""dn_thresh"": 0.0161, ""up_thresh"": 0.0611}"
unknown,HypothesisH236MomentumReversalAsym,success,-0.24277641077922285,104,-0.0761299444027711,0.8305398149117069,-0.05296019085796788,-0.09137482008704284,0.4135,"{""dn_thresh"": 0.0435, ""up_thresh"": 0.0304}"
HypothesisH318TrendlineChannelSqueeze_19e38d5f80f0,HypothesisH318TrendlineChannelSqueeze,success,-0.4117597876392574,147,-0.0857283457627025,0.8237604114639758,-0.048019942865190623,-0.08908962947342454,0.381,"{""tl_channel_width"": 1.665}"
HypothesisH318TrendlineChannelSqueeze_19e38d5f80f0,HypothesisH318TrendlineChannelSqueeze,success,0.013528238745796258,145,-0.04764569198162971,1.025740158212189,0.005429434414791157,0.01771288446306795,0.4276,"{""tl_channel_width"": 0.4306}"
HypothesisH318TrendlineChannelSqueeze_19e38d5f80f0,HypothesisH318TrendlineChannelSqueeze,success,-0.4117597876392574,147,-0.0857283457627025,0.8237604114639758,-0.048019942865190623,-0.08908962947342454,0.381,"{""tl_channel_width"": 1.0385}"
HypothesisH318TrendlineChannelSqueeze_19e38d5f80f0,HypothesisH318TrendlineChannelSqueeze,success,-0.4117597876392574,147,-0.0857283457627025,0.8237604114639758,-0.048019942865190623,-0.08908962947342454,0.381,"{""tl_channel_width"": 2.2178}"
HypothesisH318TrendlineChannelSqueeze_19e38d5f80f0,HypothesisH318TrendlineChannelSqueeze,success,-0.2449096206564673,148,-0.06661689455474429,0.9062449084129841,-0.028915280213940298,-0.06846334229503101,0.4189,"{""tl_channel_width"": 0.5532}"
HypothesisH318TrendlineChannelSqueeze_19e38d5f80f0,HypothesisH318TrendlineChannelSqueeze,success,-0.4117597876392574,147,-0.0857283457627025,0.8237604114639758,-0.048019942865190623,-0.08908962947342454,0.381,"{""tl_channel_width"": 0.5942}"
HypothesisH318TrendlineChannelSqueeze_19e38d5f80f0,HypothesisH318TrendlineChannelSqueeze,success,-0.4117597876392574,147,-0.0857283457627025,0.8237604114639758,-0.048019942865190623,-0.08908962947342454,0.381,"{""tl_channel_width"": 1.5188}"
HypothesisH318TrendlineChannelSqueeze_19e38d5f80f0,HypothesisH318TrendlineChannelSqueeze,success,-0.4117597876392574,147,-0.0857283457627025,0.8237604114639758,-0.048019942865190623,-0.08908962947342454,0.381,"{""tl_channel_width"": 1.4078}"
HypothesisH318TrendlineChannelSqueeze_19e38d5f80f0,HypothesisH318TrendlineChannelSqueeze,success,-0.4117597876392574,147,-0.0857283457627025,0.8237604114639758,-0.048019942865190623,-0.08908962947342454,0.381,"{""tl_channel_width"": 0.9186}"
HypothesisH318TrendlineChannelSqueeze_19e38d5f80f0,HypothesisH318TrendlineChannelSqueeze,success,-0.4117597876392574,147,-0.0857283457627025,0.8237604114639758,-0.048019942865190623,-0.08908962947342454,0.381,"{""tl_channel_width"": 0.8702}"
HypothesisH318TrendlineChannelSqueeze_19e38d5f80f0,HypothesisH318TrendlineChannelSqueeze,success,-0.4117597876392574,147,-0.0857283457627025,0.8237604114639758,-0.048019942865190623,-0.08908962947342454,0.381,"{""tl_channel_width"": 1.5697}"
HypothesisH318TrendlineChannelSqueeze_19e38d5f80f0,HypothesisH318TrendlineChannelSqueeze,success,-0.5673283051681464,153,-0.06693798317583033,0.7627167528379536,-0.05069534249107577,-0.12059693657022975,0.4248,"{""tl_channel_width"": 1.8794}"
HypothesisH318TrendlineChannelSqueeze_19e38d5f80f0,HypothesisH318TrendlineChannelSqueeze,success,-0.5673283051681464,153,-0.06693798317583033,0.7627167528379536,-0.05069534249107577,-0.12059693657022975,0.4248,"{""tl_channel_width"": 1.3031}"
HypothesisH318TrendlineChannelSqueeze_19e38d5f80f0,HypothesisH318TrendlineChannelSqueeze,success,-0.49930115304470934,143,-0.07544012437408387,0.7732452642817949,-0.06547289711611515,-0.13910505726578815,0.4056,"{""tl_channel_width"": 1.1865}"
HypothesisH318TrendlineChannelSqueeze_19e38d5f80f0,HypothesisH318TrendlineChannelSqueeze,success,-0.49930115304470934,143,-0.07544012437408387,0.7732452642817949,-0.06547289711611515,-0.13910505726578815,0.4056,"{""tl_channel_width"": 0.3937}"
HypothesisH318TrendlineChannelSqueeze_19e38d5f80f0,HypothesisH318TrendlineChannelSqueeze,success,-0.1637013938004439,137,-0.05586097254661948,0.9269678147548003,-0.022188524579954794,-0.062470624918678816,0.4234,"{""tl_channel_width"": 0.475}"
HypothesisH318TrendlineChannelSqueeze_19e38d5f80f0,HypothesisH318TrendlineChannelSqueeze,success,-0.1637013938004439,137,-0.05586097254661948,0.9269678147548003,-0.022188524579954794,-0.062470624918678816,0.4234,"{""tl_channel_width"": 1.783}"
HypothesisH318TrendlineChannelSqueeze_19e38d5f80f0,HypothesisH318TrendlineChannelSqueeze,success,-0.1637013938004439,137,-0.05586097254661948,0.9269678147548003,-0.022188524579954794,-0.062470624918678816,0.4234,"{""tl_channel_width"": 0.7377}"
HypothesisH318TrendlineChannelSqueeze_19e38d5f80f0,HypothesisH318TrendlineChannelSqueeze,success,-0.12321871072678085,138,-0.04787556872743137,0.9471995239257955,-0.015311452585089813,-0.05015084710534666,0.4203,"{""tl_channel_width"": 0.9297}"
HypothesisH318TrendlineChannelSqueeze_19e38d5f80f0,HypothesisH318TrendlineChannelSqueeze,success,-0.553694997266749,125,-0.052666187074687176,0.7343571587968366,-0.045891897719535724,-0.13846134999348644,0.408,"{""tl_channel_width"": 1.2302}"
HypothesisH318TrendlineChannelSqueeze_19e38d5f80f0,HypothesisH318TrendlineChannelSqueeze,success,-0.553694997266749,125,-0.052666187074687176,0.7343571587968366,-0.045891897719535724,-0.13846134999348644,0.408,"{""tl_channel_width"": 2.0689}"
HypothesisH318TrendlineChannelSqueeze_19e38d5f80f0,HypothesisH318TrendlineChannelSqueeze,success,-0.553694997266749,125,-0.052666187074687176,0.7343571587968366,-0.045891897719535724,-0.13846134999348644,0.408,"{""tl_channel_width"": 2.157}"
HypothesisH318TrendlineChannelSqueeze_19e38d5f80f0,HypothesisH318TrendlineChannelSqueeze,success,-0.1637013938004439,137,-0.05586097254661948,0.9269678147548003,-0.022188524579954794,-0.062470624918678816,0.4234,"{""tl_channel_width"": 2.4644}"
HypothesisH318TrendlineChannelSqueeze_19e38d5f80f0,HypothesisH318TrendlineChannelSqueeze,success,-0.8052187256008554,117,-0.08055100296760564,0.6307975439176925,-0.06821250787092936,-0.13589636524347337,0.4188,"{""tl_channel_width"": 0.3039}"
HypothesisH318TrendlineChannelSqueeze_19e38d5f80f0,HypothesisH318TrendlineChannelSqueeze,success,-0.1637013938004439,137,-0.05586097254661948,0.9269678147548003,-0.022188524579954794,-0.062470624918678816,0.4234,"{""tl_channel_width"": 2.0315}"
HypothesisH318TrendlineChannelSqueeze_19e38d5f80f0,HypothesisH318TrendlineChannelSqueeze,success,-0.1637013938004439,137,-0.05586097254661948,0.9269678147548003,-0.022188524579954794,-0.062470624918678816,0.4234,"{""tl_channel_width"": 0.6962}"
HypothesisH318TrendlineChannelSqueeze_19e38d5f80f0,HypothesisH318TrendlineChannelSqueeze,success,-0.1795646541301123,148,-0.043621676157897915,0.9505873867425729,-0.011541907986381883,-0.041424042756745626,0.4189,"{""tl_channel_width"": 2.2996}"
HypothesisH318TrendlineChannelSqueeze_19e38d5f80f0,HypothesisH318TrendlineChannelSqueeze,success,-0.8052187256008554,117,-0.08055100296760564,0.6307975439176925,-0.06821250787092936,-0.13589636524347337,0.4188,"{""tl_channel_width"": 1.4717}"
HypothesisH318TrendlineChannelSqueeze_19e38d5f80f0,HypothesisH318TrendlineChannelSqueeze,success,-0.8052187256008554,117,-0.08055100296760564,0.6307975439176925,-0.06821250787092936,-0.13589636524347337,0.4188,"{""tl_channel_width"": 2.2743}"
HypothesisH318TrendlineChannelSqueeze_19e38d5f80f0,HypothesisH318TrendlineChannelSqueeze,success,-0.1795646541301123,148,-0.043621676157897915,0.9505873867425729,-0.011541907986381883,-0.041424042756745626,0.4189,"{""tl_channel_width"": 1.485}"
HypothesisH318TrendlineChannelSqueeze_19e38d5f80f0,HypothesisH318TrendlineChannelSqueeze,success,-0.1795646541301123,148,-0.043621676157897915,0.9505873867425729,-0.011541907986381883,-0.041424042756745626,0.4189,"{""tl_channel_width"": 1.8127}"
HypothesisH318TrendlineChannelSqueeze_19e38d5f80f0,HypothesisH318TrendlineChannelSqueeze,success,-0.2345151454946491,133,-0.0698655706028255,0.8908052396549985,-0.027904268499456708,-0.06296987209269106,0.4211,"{""tl_channel_width"": 1.6212}"
HypothesisH318TrendlineChannelSqueeze_19e38d5f80f0,HypothesisH318TrendlineChannelSqueeze,success,-0.2611447064470289,145,-0.07235086286896142,0.8798329603987013,-0.03785918107405983,-0.0828567108713567,0.4276,"{""tl_channel_width"": 2.1214}"
HypothesisH318TrendlineChannelSqueeze_19e38d5f80f0,HypothesisH318TrendlineChannelSqueeze,success,-0.13448968140480025,133,-0.05530416108685776,0.9480690997126452,-0.014419860092423464,-0.04087084638943115,0.4135,"{""tl_channel_width"": 0.7997}"
HypothesisH318TrendlineChannelSqueeze_19e38d5f80f0,HypothesisH318TrendlineChannelSqueeze,success,-0.1637013938004439,137,-0.05586097254661948,0.9269678147548003,-0.022188524579954794,-0.062470624918678816,0.4234,"{""tl_channel_width"": 2.4094}"
HypothesisH318TrendlineChannelSqueeze_19e38d5f80f0,HypothesisH318TrendlineChannelSqueeze,success,-0.06926714317442381,166,-0.07293872896836784,0.9723486522896485,-0.010330140744629901,-0.022161602077906323,0.4217,"{""tl_channel_width"": 1.3564}"
HypothesisH318TrendlineChannelSqueeze_19e38d5f80f0,HypothesisH318TrendlineChannelSqueeze,success,-0.2345151454946491,133,-0.0698655706028255,0.8908052396549985,-0.027904268499456708,-0.06296987209269106,0.4211,"{""tl_channel_width"": 1.6152}"
HypothesisH318TrendlineChannelSqueeze_19e38d5f80f0,HypothesisH318TrendlineChannelSqueeze,success,-0.1637013938004439,137,-0.05586097254661948,0.9269678147548003,-0.022188524579954794,-0.062470624918678816,0.4234,"{""tl_channel_width"": 0.5026}"
HypothesisH318TrendlineChannelSqueeze_19e38d5f80f0,HypothesisH318TrendlineChannelSqueeze,success,-0.06595648028595624,153,-0.04756842588927168,0.9912430042634668,-0.0036643337123448694,-0.012019888477676656,0.4641,"{""tl_channel_width"": 1.0983}"
HypothesisH318TrendlineChannelSqueeze_19e38d5f80f0,HypothesisH318TrendlineChannelSqueeze,success,-0.1637013938004439,137,-0.05586097254661948,0.9269678147548003,-0.022188524579954794,-0.062470624918678816,0.4234,"{""tl_channel_width"": 0.6421}"
HypothesisH318TrendlineChannelSqueeze_19e38d5f80f0,HypothesisH318TrendlineChannelSqueeze,success,-0.1637013938004439,137,-0.05586097254661948,0.9269678147548003,-0.022188524579954794,-0.062470624918678816,0.4234,"{""tl_channel_width"": 2.4473}"
HypothesisH318TrendlineChannelSqueeze_19e38d5f80f0,HypothesisH318TrendlineChannelSqueeze,success,-0.1637013938004439,137,-0.05586097254661948,0.9269678147548003,-0.022188524579954794,-0.062470624918678816,0.4234,"{""tl_channel_width"": 0.3428}"
HypothesisH318TrendlineChannelSqueeze_19e38d5f80f0,HypothesisH318TrendlineChannelSqueeze,success,-0.1637013938004439,137,-0.05586097254661948,0.9269678147548003,-0.022188524579954794,-0.062470624918678816,0.4234,"{""tl_channel_width"": 0.751}"
HypothesisH318TrendlineChannelSqueeze_19e38d5f80f0,HypothesisH318TrendlineChannelSqueeze,success,-0.2668332124097209,144,-0.06881220839926883,0.8725021599789762,-0.03252319327891995,-0.07466567778505494,0.4375,"{""tl_channel_width"": 1.1319}"
HypothesisH318TrendlineChannelSqueeze_19e38d5f80f0,HypothesisH318TrendlineChannelSqueeze,success,-0.7981798627867802,134,-0.07703588158271368,0.6614743001205028,-0.061644917567955315,-0.1280407152984244,0.4328,"{""tl_channel_width"": 2.3228}"
HypothesisH318TrendlineChannelSqueeze_19e38d5f80f0,HypothesisH318TrendlineChannelSqueeze,success,-1.0329646076698953,106,-0.08137596984313122,0.5396568949849518,-0.0678348984717384,-0.13375145386289575,0.4151,"{""tl_channel_width"": 2.3605}"
HypothesisH318TrendlineChannelSqueeze_19e38d5f80f0,HypothesisH318TrendlineChannelSqueeze,success,-0.5139025753512582,115,-0.06018993900225411,0.7558414600297158,-0.05199674650050423,-0.137639166212615,0.3913,"{""tl_channel_width"": 1.9358}"
HypothesisH318TrendlineChannelSqueeze_19e38d5f80f0,HypothesisH318TrendlineChannelSqueeze,success,-0.7981798627867802,134,-0.07703588158271368,0.6614743001205028,-0.061644917567955315,-0.1280407152984244,0.4328,"{""tl_channel_width"": 2.0128}"
HypothesisH318TrendlineChannelSqueeze_19e38d5f80f0,HypothesisH318TrendlineChannelSqueeze,success,-0.2449096206564673,148,-0.06661689455474429,0.9062449084129841,-0.028915280213940298,-0.06846334229503101,0.4189,"{""tl_channel_width"": 1.8516}"
HypothesisH318TrendlineChannelSqueeze_19e38d5f80f0,HypothesisH318TrendlineChannelSqueeze,success,0.11066603157394007,155,-0.054265373017132745,1.0660629216735398,0.017463360092145885,0.049771129463096066,0.4516,"{""tl_channel_width"": 1.0282}"
HypothesisH318TrendlineChannelSqueeze_19e38d5f80f0,HypothesisH318TrendlineChannelSqueeze,success,-0.2449096206564673,148,-0.06661689455474429,0.9062449084129841,-0.028915280213940298,-0.06846334229503101,0.4189,"{""tl_channel_width"": 1.9793}"
HypothesisH318TrendlineChannelSqueeze_19e38d5f80f0,HypothesisH318TrendlineChannelSqueeze,success,-0.2449096206564673,148,-0.06661689455474429,0.9062449084129841,-0.028915280213940298,-0.06846334229503101,0.4189,"{""tl_channel_width"": 1.7664}"
HypothesisH318TrendlineChannelSqueeze_19e38d5f80f0,HypothesisH318TrendlineChannelSqueeze,success,-0.38126466414286464,168,-0.08389648894687907,0.8369600646326839,-0.05008397852397928,-0.09503400392046699,0.3988,"{""tl_channel_width"": 1.2611}"
HypothesisH318TrendlineChannelSqueeze_19e38d5f80f0,HypothesisH318TrendlineChannelSqueeze,success,-0.2449096206564673,148,-0.06661689455474429,0.9062449084129841,-0.028915280213940298,-0.06846334229503101,0.4189,"{""tl_channel_width"": 0.569}"
HypothesisH318TrendlineChannelSqueeze_19e38d5f80f0,HypothesisH318TrendlineChannelSqueeze,success,-0.12321871072678085,138,-0.04787556872743137,0.9471995239257955,-0.015311452585089813,-0.05015084710534666,0.4203,"{""tl_channel_width"": 0.9708}"
HypothesisH318TrendlineChannelSqueeze_19e38d5f80f0,HypothesisH318TrendlineChannelSqueeze,success,-0.33710230619966647,123,-0.07128727601908713,0.8326195267422026,-0.036546492836118216,-0.08113080104337658,0.4146,"{""tl_channel_width"": 2.178}"
HypothesisH318TrendlineChannelSqueeze_19e38d5f80f0,HypothesisH318TrendlineChannelSqueeze,success,-0.39590686174619605,123,-0.07987899390347541,0.8102156207923393,-0.048855938927238496,-0.09731375890217536,0.4146,"{""tl_channel_width"": 0.8332}"
HypothesisH318TrendlineChannelSqueeze_19e38d5f80f0,HypothesisH318TrendlineChannelSqueeze,success,-0.11236207241055585,149,-0.06256523947802906,0.9606537349692789,-0.011751762636762031,-0.02940938603314741,0.443,"{""tl_channel_width"": 1.1591}"
HypothesisH318TrendlineChannelSqueeze_19e38d5f80f0,HypothesisH318TrendlineChannelSqueeze,success,-0.33710230619966647,123,-0.07128727601908713,0.8326195267422026,-0.036546492836118216,-0.08113080104337658,0.4146,"{""tl_channel_width"": 1.3949}"
HypothesisH318TrendlineChannelSqueeze_19e38d5f80f0,HypothesisH318TrendlineChannelSqueeze,success,-0.33710230619966647,123,-0.07128727601908713,0.8326195267422026,-0.036546492836118216,-0.08113080104337658,0.4146,"{""tl_channel_width"": 1.7258}"
HypothesisH37DynamicGridInformedGate_4b2e513b4b45,HypothesisH37DynamicGridInformedGate,success,-0.23990492005246059,4,-0.0042536694053414426,0.7039133497829313,-0.0009350382946418101,-0.034260098509638195,0.25,"{""atr_period"": 16, ""grid_mult"": 1.2439, ""grid_period"": 30, ""mk_no_trend"": 2.051, ""ofi_neutral_thresh"": 0.055, ""vpin_pct_thresh"": 0.3769}"
HypothesisH37DynamicGridInformedGate_4b2e513b4b45,HypothesisH37DynamicGridInformedGate,success,-0.23990492005246059,4,-0.0042536694053414426,0.7039133497829313,-0.0009350382946418101,-0.034260098509638195,0.25,"{""atr_period"": 17, ""grid_mult"": 1.8912, ""grid_period"": 16, ""mk_no_trend"": 0.8864, ""ofi_neutral_thresh"": 0.0484, ""vpin_pct_thresh"": 0.425}"
HypothesisH37DynamicGridInformedGate_4b2e513b4b45,HypothesisH37DynamicGridInformedGate,success,-0.23990492005246059,4,-0.0042536694053414426,0.7039133497829313,-0.0009350382946418101,-0.034260098509638195,0.25,"{""atr_period"": 19, ""grid_mult"": 2.6965, ""grid_period"": 20, ""mk_no_trend"": 1.5473, ""ofi_neutral_thresh"": 0.2851, ""vpin_pct_thresh"": 0.3904}"
HypothesisH37DynamicGridInformedGate_4b2e513b4b45,HypothesisH37DynamicGridInformedGate,success,-0.23990492005246059,4,-0.0042536694053414426,0.7039133497829313,-0.0009350382946418101,-0.034260098509638195,0.25,"{""atr_period"": 14, ""grid_mult"": 1.4202, ""grid_period"": 22, ""mk_no_trend"": 2.6795, ""ofi_neutral_thresh"": 0.1538, ""vpin_pct_thresh"": 0.7376}"
HypothesisH37DynamicGridInformedGate_4b2e513b4b45,HypothesisH37DynamicGridInformedGate,success,-0.23990492005246059,4,-0.0042536694053414426,0.7039133497829313,-0.0009350382946418101,-0.034260098509638195,0.25,"{""atr_period"": 18, ""grid_mult"": 0.7395, ""grid_period"": 16, ""mk_no_trend"": 2.6049, ""ofi_neutral_thresh"": 0.1219, ""vpin_pct_thresh"": 0.6396}"
HypothesisH37DynamicGridInformedGate_4b2e513b4b45,HypothesisH37DynamicGridInformedGate,success,-0.23990492005246059,4,-0.0042536694053414426,0.7039133497829313,-0.0009350382946418101,-0.034260098509638195,0.25,"{""atr_period"": 11, ""grid_mult"": 2.6179, ""grid_period"": 26, ""mk_no_trend"": 0.5421, ""ofi_neutral_thresh"": 0.1719, ""vpin_pct_thresh"": 0.7466}"
HypothesisH37DynamicGridInformedGate_4b2e513b4b45,HypothesisH37DynamicGridInformedGate,success,-0.23990492005246059,4,-0.0042536694053414426,0.7039133497829313,-0.0009350382946418101,-0.034260098509638195,0.25,"{""atr_period"": 20, ""grid_mult"": 2.1226, ""grid_period"": 25, ""mk_no_trend"": 1.432, ""ofi_neutral_thresh"": 0.1617, ""vpin_pct_thresh"": 0.3039}"
HypothesisH37DynamicGridInformedGate_4b2e513b4b45,HypothesisH37DynamicGridInformedGate,success,-0.23990492005246059,4,-0.0042536694053414426,0.7039133497829313,-0.0009350382946418101,-0.034260098509638195,0.25,"{""atr_period"": 21, ""grid_mult"": 1.3219, ""grid_period"": 14, ""mk_no_trend"": 1.413, ""ofi_neutral_thresh"": 0.0742, ""vpin_pct_thresh"": 0.4676}"
HypothesisH37DynamicGridInformedGate_4b2e513b4b45,HypothesisH37DynamicGridInformedGate,success,-0.23990492005246059,4,-0.0042536694053414426,0.7039133497829313,-0.0009350382946418101,-0.034260098509638195,0.25,"{""atr_period"": 23, ""grid_mult"": 2.2082, ""grid_period"": 13, ""mk_no_trend"": 1.939, ""ofi_neutral_thresh"": 0.1031, ""vpin_pct_thresh"": 0.2916}"
HypothesisH37DynamicGridInformedGate_4b2e513b4b45,HypothesisH37DynamicGridInformedGate,success,-0.23990492005246059,4,-0.0042536694053414426,0.7039133497829313,-0.0009350382946418101,-0.034260098509638195,0.25,"{""atr_period"": 29, ""grid_mult"": 1.818, ""grid_period"": 22, ""mk_no_trend"": 0.4619, ""ofi_neutral_thresh"": 0.2408, ""vpin_pct_thresh"": 0.2131}"
HypothesisH37DynamicGridInformedGate_4b2e513b4b45,HypothesisH37DynamicGridInformedGate,success,-0.23990492005246059,4,-0.0042536694053414426,0.7039133497829313,-0.0009350382946418101,-0.034260098509638195,0.25,"{""atr_period"": 24, ""grid_mult"": 0.8761, ""grid_period"": 19, ""mk_no_trend"": 1.8603, ""ofi_neutral_thresh"": 0.2124, ""vpin_pct_thresh"": 0.5413}"
HypothesisH37DynamicGridInformedGate_4b2e513b4b45,HypothesisH37DynamicGridInformedGate,success,0.8745183231368443,16,-0.0044623314886858,4.612088529477691,0.030799703632520048,1.0615953988543807,0.6875,"{""atr_period"": 12, ""grid_mult"": 0.6989, ""grid_period"": 20, ""mk_no_trend"": 2.533, ""ofi_neutral_thresh"": 0.3437, ""vpin_pct_thresh"": 0.5627}"
HypothesisH37DynamicGridInformedGate_4b2e513b4b45,HypothesisH37DynamicGridInformedGate,success,0.330119999486574,5,-0.0028284211963303107,2.310923067981699,0.004664810727375901,0.2564412475515129,0.4,"{""atr_period"": 12, ""grid_mult"": 1.1414, ""grid_period"": 10, ""mk_no_trend"": 0.9808, ""ofi_neutral_thresh"": 0.3485, ""vpin_pct_thresh"": 0.6924}"
HypothesisH37DynamicGridInformedGate_4b2e513b4b45,HypothesisH37DynamicGridInformedGate,success,-0.5700815352818658,23,-0.033537991318823734,0.5617608747656693,-0.019102650813437316,-0.08946171301753648,0.3913,"{""atr_period"": 18, ""grid_mult"": 1.0113, ""grid_period"": 38, ""mk_no_trend"": 1.918, ""ofi_neutral_thresh"": 0.2166, ""vpin_pct_thresh"": 0.3613}"
HypothesisH37DynamicGridInformedGate_4b2e513b4b45,HypothesisH37DynamicGridInformedGate,success,0.330119999486574,5,-0.0028284211963303107,2.310923067981699,0.004664810727375901,0.2564412475515129,0.4,"{""atr_period"": 16, ""grid_mult"": 2.76, ""grid_period"": 34, ""mk_no_trend"": 1.1125, ""ofi_neutral_thresh"": 0.3388, ""vpin_pct_thresh"": 0.3974}"
HypothesisH37DynamicGridInformedGate_4b2e513b4b45,HypothesisH37DynamicGridInformedGate,success,0.7626096449583181,21,-0.010304119168001225,2.4908870733147,0.04535380672247702,0.6729588507610859,0.5238,"{""atr_period"": 16, ""grid_mult"": 1.9678, ""grid_period"": 35, ""mk_no_trend"": 0.6487, ""ofi_neutral_thresh"": 0.1521, ""vpin_pct_thresh"": 0.609}"
HypothesisH37DynamicGridInformedGate_4b2e513b4b45,HypothesisH37DynamicGridInformedGate,success,-0.5579209372074074,60,-0.06236321724375504,0.6954505163721493,-0.03818468930957519,-0.09696667517878875,0.4,"{""atr_period"": 22, ""grid_mult"": 0.9268, ""grid_period"": 33, ""mk_no_trend"": 2.0208, ""ofi_neutral_thresh"": 0.1645, ""vpin_pct_thresh"": 0.5853}"
HypothesisH37DynamicGridInformedGate_4b2e513b4b45,HypothesisH37DynamicGridInformedGate,success,-0.5700815352818658,23,-0.033537991318823734,0.5617608747656693,-0.019102650813437316,-0.08946171301753648,0.3913,"{""atr_period"": 19, ""grid_mult"": 0.6011, ""grid_period"": 12, ""mk_no_trend"": 0.3303, ""ofi_neutral_thresh"": 0.3167, ""vpin_pct_thresh"": 0.4409}"
HypothesisH37DynamicGridInformedGate_4b2e513b4b45,HypothesisH37DynamicGridInformedGate,success,0.09075380785198636,37,-0.02194317806403412,1.136811002752426,0.009601842121408577,0.06789739427897919,0.4865,"{""atr_period"": 21, ""grid_mult"": 1.9236, ""grid_period"": 25, ""mk_no_trend"": 1.6092, ""ofi_neutral_thresh"": 0.3019, ""vpin_pct_thresh"": 0.3356}"
HypothesisH37DynamicGridInformedGate_4b2e513b4b45,HypothesisH37DynamicGridInformedGate,success,-0.37447231093498784,33,-0.039248128373018165,0.6665482592991824,-0.02500556450299618,-0.10032290255016249,0.3333,"{""atr_period"": 10, ""grid_mult"": 2.3653, ""grid_period"": 15, ""mk_no_trend"": 1.3572, ""ofi_neutral_thresh"": 0.3064, ""vpin_pct_thresh"": 0.7067}"
HypothesisH37DynamicGridInformedGate_4b2e513b4b45,HypothesisH37DynamicGridInformedGate,success,0.8745183231368443,16,-0.0044623314886858,4.612088529477691,0.030799703632520048,1.0615953988543807,0.6875,"{""atr_period"": 15, ""grid_mult"": 1.7495, ""grid_period"": 17, ""mk_no_trend"": 0.4878, ""ofi_neutral_thresh"": 0.2516, ""vpin_pct_thresh"": 0.4895}"
HypothesisH37DynamicGridInformedGate_4b2e513b4b45,HypothesisH37DynamicGridInformedGate,success,-0.8603415134753073,71,-0.09853863386614081,0.5441871280811003,-0.08207988556352674,-0.134509307525934,0.3803,"{""atr_period"": 15, ""grid_mult"": 0.8514, ""grid_period"": 31, ""mk_no_trend"": 1.6781, ""ofi_neutral_thresh"": 0.2303, ""vpin_pct_thresh"": 0.5704}"
HypothesisH37DynamicGridInformedGate_4b2e513b4b45,HypothesisH37DynamicGridInformedGate,success,-0.18055138610877747,4,-0.00942341885614717,0.4960811240083379,-0.004184329914132534,-0.06930064096232065,0.25,"{""atr_period"": 22, ""grid_mult"": 2.4206, ""grid_period"": 23, ""mk_no_trend"": 1.5716, ""ofi_neutral_thresh"": 0.0557, ""vpin_pct_thresh"": 0.4198}"
HypothesisH37DynamicGridInformedGate_4b2e513b4b45,HypothesisH37DynamicGridInformedGate,success,0.346396400414988,15,-0.010566045582462325,2.4109179383990553,0.021422021194179575,0.31304441072982253,0.6,"{""atr_period"": 20, ""grid_mult"": 2.0636, ""grid_period"": 24, ""mk_no_trend"": 2.4428, ""ofi_neutral_thresh"": 0.0817, ""vpin_pct_thresh"": 0.4522}"
HypothesisH37DynamicGridInformedGate_4b2e513b4b45,HypothesisH37DynamicGridInformedGate,success,0.346396400414988,15,-0.010566045582462325,2.4109179383990553,0.021422021194179575,0.31304441072982253,0.6,"{""atr_period"": 25, ""grid_mult"": 2.2769, ""grid_period"": 12, ""mk_no_trend"": 2.2574, ""ofi_neutral_thresh"": 0.1824, ""vpin_pct_thresh"": 0.2502}"
HypothesisH37DynamicGridInformedGate_4b2e513b4b45,HypothesisH37DynamicGridInformedGate,success,0.35060958840813033,50,-0.03602300478828124,1.3396848229465972,0.03430244984899011,0.14624930589024393,0.54,"{""atr_period"": 8, ""grid_mult"": 0.7871, ""grid_period"": 32, ""mk_no_trend"": 2.772, ""ofi_neutral_thresh"": 0.2358, ""vpin_pct_thresh"": 0.5983}"
HypothesisH37DynamicGridInformedGate_4b2e513b4b45,HypothesisH37DynamicGridInformedGate,success,-0.1509809236181722,27,-0.024380457541852585,0.8653414279428414,-0.006060614515418394,-0.03882755300353508,0.3704,"{""atr_period"": 29, ""grid_mult"": 2.4458, ""grid_period"": 23, ""mk_no_trend"": 2.3035, ""ofi_neutral_thresh"": 0.3236, ""vpin_pct_thresh"": 0.2938}"
HypothesisH37DynamicGridInformedGate_4b2e513b4b45,HypothesisH37DynamicGridInformedGate,success,0.038252848682670815,41,-0.03295734380806559,1.0585451627280367,0.0052198275863653,0.024620708882111583,0.5122,"{""atr_period"": 29, ""grid_mult"": 0.782, ""grid_period"": 11, ""mk_no_trend"": 2.183, ""ofi_neutral_thresh"": 0.1752, ""vpin_pct_thresh"": 0.3524}"
HypothesisH37DynamicGridInformedGate_4b2e513b4b45,HypothesisH37DynamicGridInformedGate,success,-0.08753345885198133,81,-0.049638488853836926,0.9664898309529427,-0.006524642605269304,-0.020534724751606243,0.4321,"{""atr_period"": 11, ""grid_mult"": 1.3717, ""grid_period"": 38, ""mk_no_trend"": 2.386, ""ofi_neutral_thresh"": 0.1007, ""vpin_pct_thresh"": 0.4794}"
HypothesisH37DynamicGridInformedGate_4b2e513b4b45,HypothesisH37DynamicGridInformedGate,success,0.038252848682670815,41,-0.03295734380806559,1.0585451627280367,0.0052198275863653,0.024620708882111583,0.5122,"{""atr_period"": 14, ""grid_mult"": 1.5517, ""grid_period"": 34, ""mk_no_trend"": 1.6438, ""ofi_neutral_thresh"": 0.0612, ""vpin_pct_thresh"": 0.6676}"
HypothesisH37DynamicGridInformedGate_4b2e513b4b45,HypothesisH37DynamicGridInformedGate,success,0.038252848682670815,41,-0.03295734380806559,1.0585451627280367,0.0052198275863653,0.024620708882111583,0.5122,"{""atr_period"": 15, ""grid_mult"": 1.5572, ""grid_period"": 40, ""mk_no_trend"": 1.4808, ""ofi_neutral_thresh"": 0.1445, ""vpin_pct_thresh"": 0.2246}"
HypothesisH37DynamicGridInformedGate_4b2e513b4b45,HypothesisH37DynamicGridInformedGate,success,-0.3169990607311687,103,-0.05835294201388119,0.8737538965731003,-0.02526617098039774,-0.06818797851569804,0.5146,"{""atr_period"": 10, ""grid_mult"": 1.1099, ""grid_period"": 35, ""mk_no_trend"": 2.4983, ""ofi_neutral_thresh"": 0.1075, ""vpin_pct_thresh"": 0.5826}"
HypothesisH37DynamicGridInformedGate_4b2e513b4b45,HypothesisH37DynamicGridInformedGate,success,0.35060958840813033,50,-0.03602300478828124,1.3396848229465972,0.03430244984899011,0.14624930589024393,0.54,"{""atr_period"": 18, ""grid_mult"": 1.4862, ""grid_period"": 28, ""mk_no_trend"": 1.2636, ""ofi_neutral_thresh"": 0.3107, ""vpin_pct_thresh"": 0.51}"
HypothesisH37DynamicGridInformedGate_4b2e513b4b45,HypothesisH37DynamicGridInformedGate,success,-0.7658073640427294,62,-0.1013064514412142,0.5533669001700144,-0.07981288151377364,-0.12709052908833796,0.3226,"{""atr_period"": 9, ""grid_mult"": 1.4686, ""grid_period"": 39, ""mk_no_trend"": 2.294, ""ofi_neutral_thresh"": 0.1252, ""vpin_pct_thresh"": 0.5486}"
HypothesisH37DynamicGridInformedGate_4b2e513b4b45,HypothesisH37DynamicGridInformedGate,success,0.0,0,0.0,0.0,0.0,0.0,0.5,"{""atr_period"": 28, ""grid_mult"": 2.2416, ""grid_period"": 37, ""mk_no_trend"": 0.6956, ""ofi_neutral_thresh"": 0.0807, ""vpin_pct_thresh"": 0.368}"
HypothesisH37DynamicGridInformedGate_4b2e513b4b45,HypothesisH37DynamicGridInformedGate,success,-0.8590991318433061,3,-0.01368148411941783,0.0,-0.012472250078382152,-0.14277791673468418,0.0,"{""atr_period"": 24, ""grid_mult"": 1.642, ""grid_period"": 17, ""mk_no_trend"": 2.5609, ""ofi_neutral_thresh"": 0.2585, ""vpin_pct_thresh"": 0.266}"
HypothesisH37DynamicGridInformedGate_4b2e513b4b45,HypothesisH37DynamicGridInformedGate,success,0.0,0,0.0,0.0,0.0,0.0,0.5,"{""atr_period"": 9, ""grid_mult"": 2.7955, ""grid_period"": 11, ""mk_no_trend"": 1.0296, ""ofi_neutral_thresh"": 0.2244, ""vpin_pct_thresh"": 0.3247}"
HypothesisH37DynamicGridInformedGate_4b2e513b4b45,HypothesisH37DynamicGridInformedGate,success,-0.8590991318433061,3,-0.01368148411941783,0.0,-0.012472250078382152,-0.14277791673468418,0.0,"{""atr_period"": 25, ""grid_mult"": 1.335, ""grid_period"": 29, ""mk_no_trend"": 2.1519, ""ofi_neutral_thresh"": 0.2827, ""vpin_pct_thresh"": 0.5215}"
HypothesisH37DynamicGridInformedGate_4b2e513b4b45,HypothesisH37DynamicGridInformedGate,success,-0.8590991318433061,3,-0.01368148411941783,0.0,-0.012472250078382152,-0.14277791673468418,0.0,"{""atr_period"": 23, ""grid_mult"": 1.6228, ""grid_period"": 28, ""mk_no_trend"": 0.9418, ""ofi_neutral_thresh"": 0.128, ""vpin_pct_thresh"": 0.517}"
HypothesisH37DynamicGridInformedGate_4b2e513b4b45,HypothesisH37DynamicGridInformedGate,success,-0.8590991318433061,3,-0.01368148411941783,0.0,-0.012472250078382152,-0.14277791673468418,0.0,"{""atr_period"": 27, ""grid_mult"": 2.4772, ""grid_period"": 18, ""mk_no_trend"": 0.8371, ""ofi_neutral_thresh"": 0.0709, ""vpin_pct_thresh"": 0.4953}"
HypothesisH37DynamicGridInformedGate_4b2e513b4b45,HypothesisH37DynamicGridInformedGate,success,0.0,0,0.0,0.0,0.0,0.0,0.5,"{""atr_period"": 12, ""grid_mult"": 2.3308, ""grid_period"": 36, ""mk_no_trend"": 0.5555, ""ofi_neutral_thresh"": 0.1144, ""vpin_pct_thresh"": 0.7268}"
HypothesisH37DynamicGridInformedGate_4b2e513b4b45,HypothesisH37DynamicGridInformedGate,success,0.6527783012112234,46,-0.02370298933497139,1.7089818985604477,0.06492166440366942,0.41546770823431584,0.6087,"{""atr_period"": 26, ""grid_mult"": 1.1715, ""grid_period"": 31, ""mk_no_trend"": 2.3472, ""ofi_neutral_thresh"": 0.2433, ""vpin_pct_thresh"": 0.4344}"
HypothesisH37DynamicGridInformedGate_4b2e513b4b45,HypothesisH37DynamicGridInformedGate,success,0.0,0,0.0,0.0,0.0,0.0,0.5,"{""atr_period"": 28, ""grid_mult"": 2.6809, ""grid_period"": 24, ""mk_no_trend"": 0.6289, ""ofi_neutral_thresh"": 0.0874, ""vpin_pct_thresh"": 0.7157}"
HypothesisH37DynamicGridInformedGate_4b2e513b4b45,HypothesisH37DynamicGridInformedGate,success,0.6527783012112234,46,-0.02370298933497139,1.7089818985604477,0.06492166440366942,0.41546770823431584,0.6087,"{""atr_period"": 27, ""grid_mult"": 1.2749, ""grid_period"": 21, ""mk_no_trend"": 1.2107, ""ofi_neutral_thresh"": 0.0436, ""vpin_pct_thresh"": 0.2016}"
HypothesisH37DynamicGridInformedGate_4b2e513b4b45,HypothesisH37DynamicGridInformedGate,success,0.09983815680391789,7,-0.010635933605446346,1.287462745743943,0.003280993154206824,0.047993288642012376,0.4286,"{""atr_period"": 21, ""grid_mult"": 1.6939, ""grid_period"": 36, ""mk_no_trend"": 1.1741, ""ofi_neutral_thresh"": 0.1376, ""vpin_pct_thresh"": 0.6203}"
HypothesisH37DynamicGridInformedGate_4b2e513b4b45,HypothesisH37DynamicGridInformedGate,success,0.09983815680391789,7,-0.010635933605446346,1.287462745743943,0.003280993154206824,0.047993288642012376,0.4286,"{""atr_period"": 28, ""grid_mult"": 1.0703, ""grid_period"": 30, ""mk_no_trend"": 2.1169, ""ofi_neutral_thresh"": 0.2638, ""vpin_pct_thresh"": 0.6621}"
HypothesisH37DynamicGridInformedGate_4b2e513b4b45,HypothesisH37DynamicGridInformedGate,success,0.09983815680391789,7,-0.010635933605446346,1.287462745743943,0.003280993154206824,0.047993288642012376,0.4286,"{""atr_period"": 12, ""grid_mult"": 2.5248, ""grid_period"": 37, ""mk_no_trend"": 1.3341, ""ofi_neutral_thresh"": 0.2051, ""vpin_pct_thresh"": 0.2564}"
HypothesisH37DynamicGridInformedGate_4b2e513b4b45,HypothesisH37DynamicGridInformedGate,success,0.016716497658558108,5,-0.003351084199306409,1.1468208286147064,0.0006147880362439295,0.028574514778075363,0.4,"{""atr_period"": 17, ""grid_mult"": 1.7275, ""grid_period"": 29, ""mk_no_trend"": 1.8261, ""ofi_neutral_thresh"": 0.2929, ""vpin_pct_thresh"": 0.462}"
HypothesisH37DynamicGridInformedGate_4b2e513b4b45,HypothesisH37DynamicGridInformedGate,success,0.016716497658558108,5,-0.003351084199306409,1.1468208286147064,0.0006147880362439295,0.028574514778075363,0.4,"{""atr_period"": 27, ""grid_mult"": 2.0996, ""grid_period"": 27, ""mk_no_trend"": 0.7959, ""ofi_neutral_thresh"": 0.1902, ""vpin_pct_thresh"": 0.282}"
HypothesisH37DynamicGridInformedGate_4b2e513b4b45,HypothesisH37DynamicGridInformedGate,success,0.6687059567916462,24,-0.016518170393230558,2.26709248668648,0.03677971458517848,0.34162806057015754,0.7083,"{""atr_period"": 25, ""grid_mult"": 0.9336, ""grid_period"": 27, ""mk_no_trend"": 0.3566, ""ofi_neutral_thresh"": 0.253, ""vpin_pct_thresh"": 0.2293}"
HypothesisH37DynamicGridInformedGate_4b2e513b4b45,HypothesisH37DynamicGridInformedGate,success,0.1746232514982445,18,-0.01515639870133123,1.2625728797042692,0.007865714961247106,0.08058538622647458,0.5556,"{""atr_period"": 22, ""grid_mult"": 0.9984, ""grid_period"": 33, ""mk_no_trend"": 0.4057, ""ofi_neutral_thresh"": 0.2681, ""vpin_pct_thresh"": 0.3145}"
HypothesisH37DynamicGridInformedGate_4b2e513b4b45,HypothesisH37DynamicGridInformedGate,success,-0.23894756979902462,29,-0.02861989213086724,0.7643340136181497,-0.01595212015775138,-0.08742692293707223,0.3448,"{""atr_period"": 30, ""grid_mult"": 0.6499, ""grid_period"": 32, ""mk_no_trend"": 1.741, ""ofi_neutral_thresh"": 0.1977, ""vpin_pct_thresh"": 0.2446}"
HypothesisH37DynamicGridInformedGate_4b2e513b4b45,HypothesisH37DynamicGridInformedGate,success,-0.23894756979902462,29,-0.02861989213086724,0.7643340136181497,-0.01595212015775138,-0.08742692293707223,0.3448,"{""atr_period"": 13, ""grid_mult"": 2.5665, ""grid_period"": 15, ""mk_no_trend"": 1.7714, ""ofi_neutral_thresh"": 0.1879, ""vpin_pct_thresh"": 0.7012}"
HypothesisH37DynamicGridInformedGate_4b2e513b4b45,HypothesisH37DynamicGridInformedGate,success,0.7122043661968172,62,-0.028813737620297597,1.7721092586303717,0.08747315310419657,0.4563837063283557,0.5645,"{""atr_period"": 24, ""grid_mult"": 1.1885, ""grid_period"": 14, ""mk_no_trend"": 0.736, ""ofi_neutral_thresh"": 0.1416, ""vpin_pct_thresh"": 0.6814}"
HypothesisH37DynamicGridInformedGate_4b2e513b4b45,HypothesisH37DynamicGridInformedGate,success,0.7122043661968172,62,-0.028813737620297597,1.7721092586303717,0.08747315310419657,0.4563837063283557,0.5645,"{""atr_period"": 13, ""grid_mult"": 2.0061, ""grid_period"": 19, ""mk_no_trend"": 1.9963, ""ofi_neutral_thresh"": 0.2744, ""vpin_pct_thresh"": 0.5343}"
HypothesisH37DynamicGridInformedGate_4b2e513b4b45,HypothesisH37DynamicGridInformedGate,success,-0.19207487140403603,7,-0.007139710751639328,0.5744178915398563,-0.00411046850976593,-0.0898497658372678,0.2857,"{""atr_period"": 16, ""grid_mult"": 2.6092, ""grid_period"": 21, ""mk_no_trend"": 1.2327, ""ofi_neutral_thresh"": 0.0962, ""vpin_pct_thresh"": 0.4029}"
HypothesisH37DynamicGridInformedGate_4b2e513b4b45,HypothesisH37DynamicGridInformedGate,success,0.8038576100700073,47,-0.019669765069020517,2.0343638414062126,0.07417971033350401,0.5699402886860963,0.5957,"{""atr_period"": 11, ""grid_mult"": 1.7834, ""grid_period"": 13, ""mk_no_trend"": 1.0517, ""ofi_neutral_thresh"": 0.2976, ""vpin_pct_thresh"": 0.6223}"
HypothesisH37DynamicGridInformedGate_4b2e513b4b45,HypothesisH37DynamicGridInformedGate,success,0.37261545067179846,71,-0.02754733831179801,1.3362809561135385,0.044875475900486794,0.24911488370090537,0.5352,"{""atr_period"": 8, ""grid_mult"": 2.1549, ""grid_period"": 18, ""mk_no_trend"": 2.7478, ""ofi_neutral_thresh"": 0.2056, ""vpin_pct_thresh"": 0.6419}"
HypothesisH37DynamicGridInformedGate_4b2e513b4b45,HypothesisH37DynamicGridInformedGate,success,0.672108579374578,20,-0.012398745607169914,2.234278265730609,0.032421174253069784,0.4019161409239891,0.6,"{""atr_period"": 20, ""grid_mult"": 1.8798, ""grid_period"": 39, ""mk_no_trend"": 0.8595, ""ofi_neutral_thresh"": 0.3316, ""vpin_pct_thresh"": 0.3451}"
HypothesisH37DynamicGridInformedGate_4b2e513b4b45,HypothesisH37DynamicGridInformedGate,success,0.11118117487555058,33,-0.016196762009830223,1.1132950606452074,0.00722386576144074,0.06927436038965272,0.5152,"{""atr_period"": 26, ""grid_mult"": 2.3042, ""grid_period"": 26, ""mk_no_trend"": 2.65, ""ofi_neutral_thresh"": 0.3268, ""vpin_pct_thresh"": 0.651}"
MultiTimeframeTrendSignal_e5ce17eb1081,MultiTimeframeTrendSignal,success,-0.35237250915848134,172,-0.06358992330829927,0.8085170407825543,-0.04675280298962026,-0.11687126547841052,0.3547,"{""long_window"": 316, ""mid_window"": 41, ""short_window"": 29, ""vol_window"": 102}"
MultiTimeframeTrendSignal_e5ce17eb1081,MultiTimeframeTrendSignal,success,-0.981520634520553,230,-0.11360322980238935,0.643510964497207,-0.10046783526270209,-0.14401230412219176,0.3348,"{""long_window"": 166, ""mid_window"": 37, ""short_window"": 13, ""vol_window"": 39}"
MultiTimeframeTrendSignal_e5ce17eb1081,MultiTimeframeTrendSignal,success,-0.7057209845369399,131,-0.0587646322968185,0.6666315810631311,-0.05336157260548935,-0.144765048069053,0.3359,"{""long_window"": 273, ""mid_window"": 78, ""short_window"": 28, ""vol_window"": 53}"
MultiTimeframeTrendSignal_e5ce17eb1081,MultiTimeframeTrendSignal,success,-0.981520634520553,230,-0.11360322980238935,0.643510964497207,-0.10046783526270209,-0.14401230412219176,0.3348,"{""long_window"": 333, ""mid_window"": 94, ""short_window"": 23, ""vol_window"": 60}"
MultiTimeframeTrendSignal_e5ce17eb1081,MultiTimeframeTrendSignal,success,-0.35237250915848134,172,-0.06358992330829927,0.8085170407825543,-0.04675280298962026,-0.11687126547841052,0.3547,"{""long_window"": 301, ""mid_window"": 81, ""short_window"": 30, ""vol_window"": 41}"
MultiTimeframeTrendSignal_e5ce17eb1081,MultiTimeframeTrendSignal,success,-0.981520634520553,230,-0.11360322980238935,0.643510964497207,-0.10046783526270209,-0.14401230412219176,0.3348,"{""long_window"": 145, ""mid_window"": 59, ""short_window"": 23, ""vol_window"": 74}"
MultiTimeframeTrendSignal_e5ce17eb1081,MultiTimeframeTrendSignal,success,-0.35237250915848134,172,-0.06358992330829927,0.8085170407825543,-0.04675280298962026,-0.11687126547841052,0.3547,"{""long_window"": 328, ""mid_window"": 99, ""short_window"": 17, ""vol_window"": 70}"
MultiTimeframeTrendSignal_e5ce17eb1081,MultiTimeframeTrendSignal,success,-0.3254422429170676,230,-0.05718058334965881,0.8902866770573364,-0.028644581447386464,-0.07900565310987392,0.3304,"{""long_window"": 136, ""mid_window"": 44, ""short_window"": 41, ""vol_window"": 32}"
MultiTimeframeTrendSignal_e5ce17eb1081,MultiTimeframeTrendSignal,success,-0.35237250915848134,172,-0.06358992330829927,0.8085170407825543,-0.04675280298962026,-0.11687126547841052,0.3547,"{""long_window"": 173, ""mid_window"": 83, ""short_window"": 26, ""vol_window"": 30}"
MultiTimeframeTrendSignal_e5ce17eb1081,MultiTimeframeTrendSignal,success,-0.37671446095772326,180,-0.072152289226047,0.8491868429628832,-0.03138072016481752,-0.06867380720026744,0.3167,"{""long_window"": 164, ""mid_window"": 67, ""short_window"": 43, ""vol_window"": 61}"
MultiTimeframeTrendSignal_e5ce17eb1081,MultiTimeframeTrendSignal,success,-0.981520634520553,230,-0.11360322980238935,0.643510964497207,-0.10046783526270209,-0.14401230412219176,0.3348,"{""long_window"": 311, ""mid_window"": 52, ""short_window"": 49, ""vol_window"": 51}"
MultiTimeframeTrendSignal_e5ce17eb1081,MultiTimeframeTrendSignal,success,-0.3553230798826363,71,-0.04651457660469571,0.7591812380924382,-0.024617963883770466,-0.083324540217614,0.3944,"{""long_window"": 293, ""mid_window"": 64, ""short_window"": 11, ""vol_window"": 53}"
MultiTimeframeTrendSignal_e5ce17eb1081,MultiTimeframeTrendSignal,success,-0.2981900227204934,168,-0.07268706745308962,0.846698549473698,-0.034992039056642055,-0.0761326111647921,0.3155,"{""long_window"": 179, ""mid_window"": 80, ""short_window"": 20, ""vol_window"": 22}"
MultiTimeframeTrendSignal_e5ce17eb1081,MultiTimeframeTrendSignal,success,-0.8299418341225216,239,-0.11353692781490543,0.6685709367617241,-0.11116147823424316,-0.16022323932303795,0.3264,"{""long_window"": 276, ""mid_window"": 90, ""short_window"": 21, ""vol_window"": 112}"
MultiTimeframeTrendSignal_e5ce17eb1081,MultiTimeframeTrendSignal,success,-0.3553230798826363,71,-0.04651457660469571,0.7591812380924382,-0.024617963883770466,-0.083324540217614,0.3944,"{""long_window"": 399, ""mid_window"": 75, ""short_window"": 35, ""vol_window"": 83}"
MultiTimeframeTrendSignal_e5ce17eb1081,MultiTimeframeTrendSignal,success,-0.4072521202417531,152,-0.0633557728007974,0.8154095902865203,-0.03567128775745276,-0.08906752856537639,0.3224,"{""long_window"": 307, ""mid_window"": 47, ""short_window"": 38, ""vol_window"": 95}"
MultiTimeframeTrendSignal_e5ce17eb1081,MultiTimeframeTrendSignal,success,-0.6304306528911714,141,-0.06837801629630169,0.6931623573957462,-0.05762376717045958,-0.13460289892021865,0.2766,"{""long_window"": 152, ""mid_window"": 31, ""short_window"": 48, ""vol_window"": 86}"
MultiTimeframeTrendSignal_e5ce17eb1081,MultiTimeframeTrendSignal,success,-0.2981900227204934,168,-0.07268706745308962,0.846698549473698,-0.034992039056642055,-0.0761326111647921,0.3155,"{""long_window"": 219, ""mid_window"": 63, ""short_window"": 48, ""vol_window"": 28}"
MultiTimeframeTrendSignal_e5ce17eb1081,MultiTimeframeTrendSignal,success,-0.2981900227204934,168,-0.07268706745308962,0.846698549473698,-0.034992039056642055,-0.0761326111647921,0.3155,"{""long_window"": 160, ""mid_window"": 66, ""short_window"": 44, ""vol_window"": 71}"
MultiTimeframeTrendSignal_e5ce17eb1081,MultiTimeframeTrendSignal,success,-0.3553230798826363,71,-0.04651457660469571,0.7591812380924382,-0.024617963883770466,-0.083324540217614,0.3944,"{""long_window"": 297, ""mid_window"": 93, ""short_window"": 34, ""vol_window"": 37}"
MultiTimeframeTrendSignal_e5ce17eb1081,MultiTimeframeTrendSignal,success,-0.3553230798826363,71,-0.04651457660469571,0.7591812380924382,-0.024617963883770466,-0.083324540217614,0.3944,"{""long_window"": 381, ""mid_window"": 84, ""short_window"": 44, ""vol_window"": 45}"
MultiTimeframeTrendSignal_e5ce17eb1081,MultiTimeframeTrendSignal,success,-1.0124570648640563,358,-0.1425115093099103,0.7053328714467795,-0.13528761469809425,-0.1571206328701464,0.3045,"{""long_window"": 386, ""mid_window"": 39, ""short_window"": 18, ""vol_window"": 104}"
MultiTimeframeTrendSignal_e5ce17eb1081,MultiTimeframeTrendSignal,success,-0.09420184059034453,137,-0.0267037776268213,1.0278815865355986,0.00285932354745011,0.01666166927018488,0.3358,"{""long_window"": 249, ""mid_window"": 43, ""short_window"": 17, ""vol_window"": 62}"
MultiTimeframeTrendSignal_e5ce17eb1081,MultiTimeframeTrendSignal,success,-0.554101317144344,170,-0.08071667353235845,0.7772294423226209,-0.05342891695113039,-0.10553029225085038,0.3,"{""long_window"": 373, ""mid_window"": 88, ""short_window"": 19, ""vol_window"": 66}"
MultiTimeframeTrendSignal_e5ce17eb1081,MultiTimeframeTrendSignal,success,-0.6239750444572222,188,-0.08884356435730645,0.7388804666531814,-0.07277821979398869,-0.13172797113271015,0.3191,"{""long_window"": 269, ""mid_window"": 82, ""short_window"": 12, ""vol_window"": 25}"
MultiTimeframeTrendSignal_e5ce17eb1081,MultiTimeframeTrendSignal,success,-0.554101317144344,170,-0.08071667353235845,0.7772294423226209,-0.05342891695113039,-0.10553029225085038,0.3,"{""long_window"": 289, ""mid_window"": 62, ""short_window"": 38, ""vol_window"": 90}"
MultiTimeframeTrendSignal_e5ce17eb1081,MultiTimeframeTrendSignal,success,-0.554101317144344,170,-0.08071667353235845,0.7772294423226209,-0.05342891695113039,-0.10553029225085038,0.3,"{""long_window"": 343, ""mid_window"": 96, ""short_window"": 45, ""vol_window"": 65}"
MultiTimeframeTrendSignal_e5ce17eb1081,MultiTimeframeTrendSignal,success,-0.6239750444572222,188,-0.08884356435730645,0.7388804666531814,-0.07277821979398869,-0.13172797113271015,0.3191,"{""long_window"": 118, ""mid_window"": 70, ""short_window"": 26, ""vol_window"": 23}"
MultiTimeframeTrendSignal_e5ce17eb1081,MultiTimeframeTrendSignal,success,-0.554101317144344,170,-0.08071667353235845,0.7772294423226209,-0.05342891695113039,-0.10553029225085038,0.3,"{""long_window"": 264, ""mid_window"": 86, ""short_window"": 27, ""vol_window"": 110}"
MultiTimeframeTrendSignal_e5ce17eb1081,MultiTimeframeTrendSignal,success,-0.554101317144344,170,-0.08071667353235845,0.7772294423226209,-0.05342891695113039,-0.10553029225085038,0.3,"{""long_window"": 183, ""mid_window"": 57, ""short_window"": 39, ""vol_window"": 99}"
MultiTimeframeTrendSignal_e5ce17eb1081,MultiTimeframeTrendSignal,success,-0.7496251638566259,204,-0.08156075497255966,0.7100854212396829,-0.07278834354626229,-0.14351097663420598,0.3333,"{""long_window"": 285, ""mid_window"": 51, ""short_window"": 31, ""vol_window"": 118}"
MultiTimeframeTrendSignal_e5ce17eb1081,MultiTimeframeTrendSignal,success,-0.6639307231272478,150,-0.06782923546497399,0.7120630867326512,-0.057171165721960016,-0.1345991662714076,0.3,"{""long_window"": 103, ""mid_window"": 73, ""short_window"": 46, ""vol_window"": 101}"
MultiTimeframeTrendSignal_e5ce17eb1081,MultiTimeframeTrendSignal,success,-0.6639307231272478,150,-0.06782923546497399,0.7120630867326512,-0.057171165721960016,-0.1345991662714076,0.3,"{""long_window"": 254, ""mid_window"": 85, ""short_window"": 34, ""vol_window"": 80}"
MultiTimeframeTrendSignal_e5ce17eb1081,MultiTimeframeTrendSignal,success,-0.630965437821805,103,-0.0514513600330746,0.6801640747500747,-0.04761724680209789,-0.14717043811766714,0.2816,"{""long_window"": 357, ""mid_window"": 74, ""short_window"": 37, ""vol_window"": 115}"
MultiTimeframeTrendSignal_e5ce17eb1081,MultiTimeframeTrendSignal,success,-0.8734768092367559,260,-0.11726529266530461,0.6725985870412194,-0.10753887076224278,-0.14982190762123124,0.3154,"{""long_window"": 196, ""mid_window"": 97, ""short_window"": 39, ""vol_window"": 108}"
MultiTimeframeTrendSignal_e5ce17eb1081,MultiTimeframeTrendSignal,success,-0.630965437821805,103,-0.0514513600330746,0.6801640747500747,-0.04761724680209789,-0.14717043811766714,0.2816,"{""long_window"": 185, ""mid_window"": 69, ""short_window"": 40, ""vol_window"": 42}"
MultiTimeframeTrendSignal_e5ce17eb1081,MultiTimeframeTrendSignal,success,-0.8100445596872935,112,-0.0498746697249155,0.5811654875317166,-0.0472826282152643,-0.15073390242330978,0.2857,"{""long_window"": 228, ""mid_window"": 36, ""short_window"": 32, ""vol_window"": 24}"
MultiTimeframeTrendSignal_e5ce17eb1081,MultiTimeframeTrendSignal,success,-1.1440458312353778,122,-0.0938303971539528,0.5039392059376954,-0.06419922578671355,-0.10960327798391868,0.2787,"{""long_window"": 211, ""mid_window"": 35, ""short_window"": 20, ""vol_window"": 79}"
MultiTimeframeTrendSignal_e5ce17eb1081,MultiTimeframeTrendSignal,success,-0.8734768092367559,260,-0.11726529266530461,0.6725985870412194,-0.10753887076224278,-0.14982190762123124,0.3154,"{""long_window"": 394, ""mid_window"": 54, ""short_window"": 16, ""vol_window"": 47}"
MultiTimeframeTrendSignal_e5ce17eb1081,MultiTimeframeTrendSignal,success,-1.1440458312353778,122,-0.0938303971539528,0.5039392059376954,-0.06419922578671355,-0.10960327798391868,0.2787,"{""long_window"": 231, ""mid_window"": 92, ""short_window"": 43, ""vol_window"": 92}"
MultiTimeframeTrendSignal_e5ce17eb1081,MultiTimeframeTrendSignal,success,-0.6910052068932967,194,-0.06475805606999996,0.7452174559871727,-0.0440472058422382,-0.10799360389057357,0.366,"{""long_window"": 209, ""mid_window"": 50, ""short_window"": 33, ""vol_window"": 90}"
MultiTimeframeTrendSignal_e5ce17eb1081,MultiTimeframeTrendSignal,success,-0.8194964686196128,173,-0.06699011387088494,0.6538490117097326,-0.060840194769247735,-0.1452675198303201,0.3295,"{""long_window"": 321, ""mid_window"": 46, ""short_window"": 14, ""vol_window"": 67}"
MultiTimeframeTrendSignal_e5ce17eb1081,MultiTimeframeTrendSignal,success,-1.0154891004838429,311,-0.1335163982450125,0.6558427155451317,-0.12034629891748638,-0.14813766971422507,0.3119,"{""long_window"": 109, ""mid_window"": 48, ""short_window"": 10, ""vol_window"": 56}"
MultiTimeframeTrendSignal_e5ce17eb1081,MultiTimeframeTrendSignal,success,-0.39153786097355125,231,-0.06769842095091261,0.8423160743462025,-0.04169675280437102,-0.09769015341205636,0.3506,"{""long_window"": 144, ""mid_window"": 49, ""short_window"": 14, ""vol_window"": 107}"
MultiTimeframeTrendSignal_e5ce17eb1081,MultiTimeframeTrendSignal,success,-0.14635646209694547,73,-0.01538860008740206,0.9394049836326309,-0.00452109538286416,-0.045859185403867166,0.3014,"{""long_window"": 201, ""mid_window"": 71, ""short_window"": 47, ""vol_window"": 87}"
MultiTimeframeTrendSignal_e5ce17eb1081,MultiTimeframeTrendSignal,success,-0.6503846407330124,208,-0.08875241695187086,0.7634837574677127,-0.05384184340369369,-0.09673483486695776,0.3462,"{""long_window"": 377, ""mid_window"": 76, ""short_window"": 24, ""vol_window"": 109}"
MultiTimeframeTrendSignal_e5ce17eb1081,MultiTimeframeTrendSignal,success,0.12473769328098953,129,-0.01848846659851433,1.3088712949712988,0.023684008973728243,0.19760824262523352,0.3721,"{""long_window"": 123, ""mid_window"": 60, ""short_window"": 31, ""vol_window"": 85}"
MultiTimeframeTrendSignal_e5ce17eb1081,MultiTimeframeTrendSignal,success,0.19783843671423662,161,-0.02626739498703934,1.1670867013974437,0.027309144085917447,0.16013661591632328,0.3789,"{""long_window"": 220, ""mid_window"": 78, ""short_window"": 18, ""vol_window"": 76}"
MultiTimeframeTrendSignal_e5ce17eb1081,MultiTimeframeTrendSignal,success,0.19783843671423662,161,-0.02626739498703934,1.1670867013974437,0.027309144085917447,0.16013661591632328,0.3789,"{""long_window"": 134, ""mid_window"": 61, ""short_window"": 42, ""vol_window"": 78}"
MultiTimeframeTrendSignal_e5ce17eb1081,MultiTimeframeTrendSignal,success,-0.6503846407330124,208,-0.08875241695187086,0.7634837574677127,-0.05384184340369369,-0.09673483486695776,0.3462,"{""long_window"": 349, ""mid_window"": 91, ""short_window"": 28, ""vol_window"": 119}"
MultiTimeframeTrendSignal_e5ce17eb1081,MultiTimeframeTrendSignal,success,-0.07221282511505783,86,-0.025059055581450718,1.0335419162442234,0.0022420351705925157,0.013925748903815824,0.314,"{""long_window"": 367, ""mid_window"": 32, ""short_window"": 12, ""vol_window"": 95}"
MultiTimeframeTrendSignal_e5ce17eb1081,MultiTimeframeTrendSignal,success,-0.07221282511505783,86,-0.025059055581450718,1.0335419162442234,0.0022420351705925157,0.013925748903815824,0.314,"{""long_window"": 364, ""mid_window"": 68, ""short_window"": 47, ""vol_window"": 36}"
MultiTimeframeTrendSignal_e5ce17eb1081,MultiTimeframeTrendSignal,success,-1.5901608913521468,205,-0.18037491827912977,0.4200135530032339,-0.16661152223111686,-0.15520457863864215,0.2976,"{""long_window"": 352, ""mid_window"": 42, ""short_window"": 25, ""vol_window"": 34}"
MultiTimeframeTrendSignal_e5ce17eb1081,MultiTimeframeTrendSignal,success,-1.0859769306274982,280,-0.15700217796605254,0.6398604930165653,-0.1442016156221979,-0.1526630940382115,0.3429,"{""long_window"": 126, ""mid_window"": 55, ""short_window"": 22, ""vol_window"": 49}"
MultiTimeframeTrendSignal_e5ce17eb1081,MultiTimeframeTrendSignal,success,-1.5901608913521468,205,-0.18037491827912977,0.4200135530032339,-0.16661152223111686,-0.15520457863864215,0.2976,"{""long_window"": 235, ""mid_window"": 89, ""short_window"": 23, ""vol_window"": 58}"
MultiTimeframeTrendSignal_e5ce17eb1081,MultiTimeframeTrendSignal,success,-0.3504654535167197,227,-0.054086612132884904,0.8802722484598431,-0.02290109871935808,-0.0666124658584832,0.3568,"{""long_window"": 192, ""mid_window"": 40, ""short_window"": 36, ""vol_window"": 30}"
MultiTimeframeTrendSignal_e5ce17eb1081,MultiTimeframeTrendSignal,success,-0.17383917243368444,54,-0.019507950684172992,0.9727548966403704,-0.001483483303935329,-0.011854809908162112,0.3889,"{""long_window"": 260, ""mid_window"": 56, ""short_window"": 36, ""vol_window"": 46}"
MultiTimeframeTrendSignal_e5ce17eb1081,MultiTimeframeTrendSignal,success,-0.3504654535167197,227,-0.054086612132884904,0.8802722484598431,-0.02290109871935808,-0.0666124658584832,0.3568,"{""long_window"": 114, ""mid_window"": 37, ""short_window"": 30, ""vol_window"": 116}"
MultiTimeframeTrendSignal_e5ce17eb1081,MultiTimeframeTrendSignal,success,-0.42592481183828057,195,-0.06341570498347371,0.8326734017107644,-0.030517921163617845,-0.07595812343446409,0.3385,"{""long_window"": 240, ""mid_window"": 99, ""short_window"": 49, ""vol_window"": 72}"
MultiTimeframeTrendSignal_e5ce17eb1081,MultiTimeframeTrendSignal,success,-0.3504654535167197,227,-0.054086612132884904,0.8802722484598431,-0.02290109871935808,-0.0666124658584832,0.3568,"{""long_window"": 340, ""mid_window"": 31, ""short_window"": 15, ""vol_window"": 98}"
TSIMeanReversion_11c8699351f9,TSIMeanReversion,success,-0.6605462283333235,151,-0.08184056033254328,0.7867922685697525,-0.05229628502566974,-0.10182381034566439,0.4768,"{""rsi_overbought"": 55, ""rsi_oversold"": 34, ""rsi_period"": 13, ""tsi_overbought"": 38, ""tsi_oversold"": -15, ""tsi_r"": 5, ""tsi_s"": 4}"
TSIMeanReversion_11c8699351f9,TSIMeanReversion,success,-0.6605462283333235,151,-0.08184056033254328,0.7867922685697525,-0.05229628502566974,-0.10182381034566439,0.4768,"{""rsi_overbought"": 73, ""rsi_oversold"": 33, ""rsi_period"": 7, ""tsi_overbought"": 21, ""tsi_oversold"": -9, ""tsi_r"": 4, ""tsi_s"": 6}"
TSIMeanReversion_11c8699351f9,TSIMeanReversion,success,-0.2123776206465912,38,-0.0368468607735043,0.8184773472722375,-0.01728603746372459,-0.07362708213793094,0.4474,"{""rsi_overbought"": 77, ""rsi_oversold"": 25, ""rsi_period"": 10, ""tsi_overbought"": 30, ""tsi_oversold"": -22, ""tsi_r"": 5, ""tsi_s"": 3}"
TSIMeanReversion_11c8699351f9,TSIMeanReversion,success,0.1989117848619888,66,-0.035330096016046086,1.1572094867308371,0.02143896174216553,0.09369445042453692,0.4848,"{""rsi_overbought"": 75, ""rsi_oversold"": 34, ""rsi_period"": 17, ""tsi_overbought"": 33, ""tsi_oversold"": -20, ""tsi_r"": 7, ""tsi_s"": 4}"
TSIMeanReversion_11c8699351f9,TSIMeanReversion,success,-0.6605462283333235,151,-0.08184056033254328,0.7867922685697525,-0.05229628502566974,-0.10182381034566439,0.4768,"{""rsi_overbought"": 71, ""rsi_oversold"": 44, ""rsi_period"": 16, ""tsi_overbought"": 36, ""tsi_oversold"": -14, ""tsi_r"": 11, ""tsi_s"": 7}"
TSIMeanReversion_11c8699351f9,TSIMeanReversion,success,-0.6605462283333235,151,-0.08184056033254328,0.7867922685697525,-0.05229628502566974,-0.10182381034566439,0.4768,"{""rsi_overbought"": 74, ""rsi_oversold"": 39, ""rsi_period"": 13, ""tsi_overbought"": 17, ""tsi_oversold"": -26, ""tsi_r"": 3, ""tsi_s"": 8}"
TSIMeanReversion_11c8699351f9,TSIMeanReversion,success,0.1989117848619888,66,-0.035330096016046086,1.1572094867308371,0.02143896174216553,0.09369445042453692,0.4848,"{""rsi_overbought"": 68, ""rsi_oversold"": 28, ""rsi_period"": 15, ""tsi_overbought"": 14, ""tsi_oversold"": -32, ""tsi_r"": 5, ""tsi_s"": 4}"
TSIMeanReversion_11c8699351f9,TSIMeanReversion,success,0.1989117848619888,66,-0.035330096016046086,1.1572094867308371,0.02143896174216553,0.09369445042453692,0.4848,"{""rsi_overbought"": 60, ""rsi_oversold"": 30, ""rsi_period"": 16, ""tsi_overbought"": 37, ""tsi_oversold"": -17, ""tsi_r"": 3, ""tsi_s"": 7}"
TSIMeanReversion_11c8699351f9,TSIMeanReversion,success,-0.6605462283333235,151,-0.08184056033254328,0.7867922685697525,-0.05229628502566974,-0.10182381034566439,0.4768,"{""rsi_overbought"": 71, ""rsi_oversold"": 43, ""rsi_period"": 6, ""tsi_overbought"": 29, ""tsi_oversold"": -10, ""tsi_r"": 9, ""tsi_s"": 4}"
TSIMeanReversion_11c8699351f9,TSIMeanReversion,success,-0.6605462283333235,151,-0.08184056033254328,0.7867922685697525,-0.05229628502566974,-0.10182381034566439,0.4768,"{""rsi_overbought"": 71, ""rsi_oversold"": 42, ""rsi_period"": 13, ""tsi_overbought"": 25, ""tsi_oversold"": -39, ""tsi_r"": 11, ""tsi_s"": 3}"
TSIMeanReversion_11c8699351f9,TSIMeanReversion,success,-0.6605462283333235,151,-0.08184056033254328,0.7867922685697525,-0.05229628502566974,-0.10182381034566439,0.4768,"{""rsi_overbought"": 62, ""rsi_oversold"": 35, ""rsi_period"": 7, ""tsi_overbought"": 36, ""tsi_oversold"": -25, ""tsi_r"": 12, ""tsi_s"": 5}"
TSIMeanReversion_11c8699351f9,TSIMeanReversion,success,-0.4059036725481832,159,-0.08249683710765754,0.8689795188738009,-0.04585580442166848,-0.0883231538384876,0.478,"{""rsi_overbought"": 57, ""rsi_oversold"": 26, ""rsi_period"": 17, ""tsi_overbought"": 15, ""tsi_oversold"": -31, ""tsi_r"": 6, ""tsi_s"": 2}"
TSIMeanReversion_11c8699351f9,TSIMeanReversion,success,-0.2814565433101739,121,-0.05320236392743094,0.9125074719056394,-0.0216941649765775,-0.06411736489876935,0.4793,"{""rsi_overbought"": 56, ""rsi_oversold"": 16, ""rsi_period"": 9, ""tsi_overbought"": 15, ""tsi_oversold"": -24, ""tsi_r"": 9, ""tsi_s"": 8}"
TSIMeanReversion_11c8699351f9,TSIMeanReversion,success,-0.4059036725481832,159,-0.08249683710765754,0.8689795188738009,-0.04585580442166848,-0.0883231538384876,0.478,"{""rsi_overbought"": 67, ""rsi_oversold"": 27, ""rsi_period"": 8, ""tsi_overbought"": 31, ""tsi_oversold"": -15, ""tsi_r"": 10, ""tsi_s"": 8}"
TSIMeanReversion_11c8699351f9,TSIMeanReversion,success,-0.2592739953574424,202,-0.08512979471600401,0.934052291955206,-0.030684197193032503,-0.056895843320746126,0.4554,"{""rsi_overbought"": 67, ""rsi_oversold"": 41, ""rsi_period"": 11, ""tsi_overbought"": 34, ""tsi_oversold"": -16, ""tsi_r"": 11, ""tsi_s"": 6}"
TSIMeanReversion_11c8699351f9,TSIMeanReversion,success,-0.2021771353402821,103,-0.061116739112573426,0.9335199227554685,-0.017106421928986704,-0.04392464372724446,0.4854,"{""rsi_overbought"": 64, ""rsi_oversold"": 19, ""rsi_period"": 15, ""tsi_overbought"": 33, ""tsi_oversold"": -25, ""tsi_r"": 10, ""tsi_s"": 3}"
TSIMeanReversion_11c8699351f9,TSIMeanReversion,success,-0.05532950392659017,79,-0.04258806956874417,0.9672753392262613,-0.0066034166144873785,-0.024224006306447977,0.4304,"{""rsi_overbought"": 63, ""rsi_oversold"": 16, ""rsi_period"": 15, ""tsi_overbought"": 12, ""tsi_oversold"": -38, ""tsi_r"": 3, ""tsi_s"": 6}"
TSIMeanReversion_11c8699351f9,TSIMeanReversion,success,-0.2814565433101739,121,-0.05320236392743094,0.9125074719056394,-0.0216941649765775,-0.06411736489876935,0.4793,"{""rsi_overbought"": 59, ""rsi_oversold"": 19, ""rsi_period"": 10, ""tsi_overbought"": 27, ""tsi_oversold"": -14, ""tsi_r"": 11, ""tsi_s"": 3}"
TSIMeanReversion_11c8699351f9,TSIMeanReversion,success,-0.2592739953574424,202,-0.08512979471600401,0.934052291955206,-0.030684197193032503,-0.056895843320746126,0.4554,"{""rsi_overbought"": 72, ""rsi_oversold"": 32, ""rsi_period"": 12, ""tsi_overbought"": 31, ""tsi_oversold"": -37, ""tsi_r"": 9, ""tsi_s"": 7}"
TSIMeanReversion_11c8699351f9,TSIMeanReversion,success,-0.2592739953574424,202,-0.08512979471600401,0.934052291955206,-0.030684197193032503,-0.056895843320746126,0.4554,"{""rsi_overbought"": 72, ""rsi_oversold"": 18, ""rsi_period"": 6, ""tsi_overbought"": 9, ""tsi_oversold"": -9, ""tsi_r"": 7, ""tsi_s"": 6}"
TSIMeanReversion_11c8699351f9,TSIMeanReversion,success,-0.2592739953574424,202,-0.08512979471600401,0.934052291955206,-0.030684197193032503,-0.056895843320746126,0.4554,"{""rsi_overbought"": 61, ""rsi_oversold"": 35, ""rsi_period"": 15, ""tsi_overbought"": 26, ""tsi_oversold"": -36, ""tsi_r"": 11, ""tsi_s"": 6}"
TSIMeanReversion_11c8699351f9,TSIMeanReversion,success,-0.4979891657755306,161,-0.07945998172523328,0.8288428434923004,-0.04804095535140329,-0.09616059449527985,0.441,"{""rsi_overbought"": 66, ""rsi_oversold"": 44, ""rsi_period"": 12, ""tsi_overbought"": 7, ""tsi_oversold"": -18, ""tsi_r"": 4, ""tsi_s"": 4}"
TSIMeanReversion_11c8699351f9,TSIMeanReversion,success,-0.8408099499672395,23,-0.05073618390465806,0.34514261186028,-0.04033913230478514,-0.12603130202197227,0.2609,"{""rsi_overbought"": 60, ""rsi_oversold"": 23, ""rsi_period"": 16, ""tsi_overbought"": 30, ""tsi_oversold"": -8, ""tsi_r"": 6, ""tsi_s"": 5}"
TSIMeanReversion_11c8699351f9,TSIMeanReversion,success,-0.8408099499672395,23,-0.05073618390465806,0.34514261186028,-0.04033913230478514,-0.12603130202197227,0.2609,"{""rsi_overbought"": 63, ""rsi_oversold"": 26, ""rsi_period"": 14, ""tsi_overbought"": 6, ""tsi_oversold"": -6, ""tsi_r"": 9, ""tsi_s"": 7}"
TSIMeanReversion_11c8699351f9,TSIMeanReversion,success,0.11907330998258446,31,-0.023073257608598352,1.1897435180976221,0.009675364467856884,0.06506435352083426,0.4194,"{""rsi_overbought"": 69, ""rsi_oversold"": 37, ""rsi_period"": 11, ""tsi_overbought"": 22, ""tsi_oversold"": -33, ""tsi_r"": 2, ""tsi_s"": 2}"
TSIMeanReversion_11c8699351f9,TSIMeanReversion,success,0.051798136184988484,18,-0.01824620145342959,1.0937649678003953,0.0020066280249046997,0.01711899742319878,0.4444,"{""rsi_overbought"": 79, ""rsi_oversold"": 29, ""rsi_period"": 14, ""tsi_overbought"": 6, ""tsi_oversold"": -28, ""tsi_r"": 5, ""tsi_s"": 4}"
TSIMeanReversion_11c8699351f9,TSIMeanReversion,success,-0.721942854630565,71,-0.08355834762230174,0.5870277210384789,-0.06850172533102727,-0.13157778640573337,0.3662,"{""rsi_overbought"": 61, ""rsi_oversold"": 30, ""rsi_period"": 18, ""tsi_overbought"": 7, ""tsi_oversold"": -27, ""tsi_r"": 8, ""tsi_s"": 7}"
TSIMeanReversion_11c8699351f9,TSIMeanReversion,success,-0.4143040485099761,31,-0.035987060604097953,0.679984491662474,-0.02814715367040621,-0.12332724963277485,0.3871,"{""rsi_overbought"": 78, ""rsi_oversold"": 17, ""rsi_period"": 7, ""tsi_overbought"": 11, ""tsi_oversold"": -27, ""tsi_r"": 7, ""tsi_s"": 5}"
TSIMeanReversion_11c8699351f9,TSIMeanReversion,success,-0.4143040485099761,31,-0.035987060604097953,0.679984491662474,-0.02814715367040621,-0.12332724963277485,0.3871,"{""rsi_overbought"": 73, ""rsi_oversold"": 24, ""rsi_period"": 12, ""tsi_overbought"": 29, ""tsi_oversold"": -26, ""tsi_r"": 8, ""tsi_s"": 3}"
TSIMeanReversion_11c8699351f9,TSIMeanReversion,success,0.32356383370948066,4,-0.0025041755251767883,3.9119081812875565,0.0029019031906305504,0.18031766607230304,0.5,"{""rsi_overbought"": 68, ""rsi_oversold"": 18, ""rsi_period"": 12, ""tsi_overbought"": 28, ""tsi_oversold"": -23, ""tsi_r"": 4, ""tsi_s"": 5}"
TSIMeanReversion_11c8699351f9,TSIMeanReversion,success,0.11907330998258446,31,-0.023073257608598352,1.1897435180976221,0.009675364467856884,0.06506435352083426,0.4194,"{""rsi_overbought"": 70, ""rsi_oversold"": 38, ""rsi_period"": 8, ""tsi_overbought"": 18, ""tsi_oversold"": -34, ""tsi_r"": 9, ""tsi_s"": 5}"
TSIMeanReversion_11c8699351f9,TSIMeanReversion,success,0.32356383370948066,4,-0.0025041755251767883,3.9119081812875565,0.0029019031906305504,0.18031766607230304,0.5,"{""rsi_overbought"": 74, ""rsi_oversold"": 32, ""rsi_period"": 14, ""tsi_overbought"": 16, ""tsi_oversold"": -6, ""tsi_r"": 7, ""tsi_s"": 5}"
TSIMeanReversion_11c8699351f9,TSIMeanReversion,success,0.11907330998258446,31,-0.023073257608598352,1.1897435180976221,0.009675364467856884,0.06506435352083426,0.4194,"{""rsi_overbought"": 80, ""rsi_oversold"": 39, ""rsi_period"": 12, ""tsi_overbought"": 25, ""tsi_oversold"": -12, ""tsi_r"": 8, ""tsi_s"": 3}"
TSIMeanReversion_11c8699351f9,TSIMeanReversion,success,-0.2472970505459474,164,-0.043748638347359314,0.9695575484567993,-0.007548591904817492,-0.026967513011237006,0.4634,"{""rsi_overbought"": 62, ""rsi_oversold"": 20, ""rsi_period"": 8, ""tsi_overbought"": 39, ""tsi_oversold"": -8, ""tsi_r"": 8, ""tsi_s"": 2}"
TSIMeanReversion_11c8699351f9,TSIMeanReversion,success,-0.1426766085868178,117,-0.06188031052007481,0.9803597180599526,-0.005165460127885213,-0.013033375151726964,0.4872,"{""rsi_overbought"": 78, ""rsi_oversold"": 28, ""rsi_period"": 7, ""tsi_overbought"": 17, ""tsi_oversold"": -29, ""tsi_r"": 4, ""tsi_s"": 8}"
TSIMeanReversion_11c8699351f9,TSIMeanReversion,success,-0.8644450526343943,205,-0.09844924503290631,0.7289805511728182,-0.07508367799951443,-0.12276803794159645,0.4341,"{""rsi_overbought"": 62, ""rsi_oversold"": 36, ""rsi_period"": 17, ""tsi_overbought"": 19, ""tsi_oversold"": -13, ""tsi_r"": 6, ""tsi_s"": 2}"
TSIMeanReversion_11c8699351f9,TSIMeanReversion,success,0.3528123461582636,34,-0.026903929641555524,1.4198001496660944,0.02667206642776776,0.15274071145505805,0.5,"{""rsi_overbought"": 58, ""rsi_oversold"": 31, ""rsi_period"": 11, ""tsi_overbought"": 23, ""tsi_oversold"": -18, ""tsi_r"": 4, ""tsi_s"": 6}"
TSIMeanReversion_11c8699351f9,TSIMeanReversion,success,-0.2472970505459474,164,-0.043748638347359314,0.9695575484567993,-0.007548591904817492,-0.026967513011237006,0.4634,"{""rsi_overbought"": 73, ""rsi_oversold"": 38, ""rsi_period"": 9, ""tsi_overbought"": 28, ""tsi_oversold"": -21, ""tsi_r"": 10, ""tsi_s"": 6}"
TSIMeanReversion_11c8699351f9,TSIMeanReversion,success,-0.8644450526343943,205,-0.09844924503290631,0.7289805511728182,-0.07508367799951443,-0.12276803794159645,0.4341,"{""rsi_overbought"": 77, ""rsi_oversold"": 20, ""rsi_period"": 5, ""tsi_overbought"": 38, ""tsi_oversold"": -35, ""tsi_r"": 6, ""tsi_s"": 4}"
TSIMeanReversion_11c8699351f9,TSIMeanReversion,success,0.5173905154196168,39,-0.024959660706374343,1.5878644370311832,0.040211120546068235,0.24683372399508152,0.4872,"{""rsi_overbought"": 65, ""rsi_oversold"": 40, ""rsi_period"": 5, ""tsi_overbought"": 9, ""tsi_oversold"": -10, ""tsi_r"": 12, ""tsi_s"": 4}"
TSIMeanReversion_11c8699351f9,TSIMeanReversion,success,0.5173905154196168,39,-0.024959660706374343,1.5878644370311832,0.040211120546068235,0.24683372399508152,0.4872,"{""rsi_overbought"": 65, ""rsi_oversold"": 42, ""rsi_period"": 7, ""tsi_overbought"": 35, ""tsi_oversold"": -29, ""tsi_r"": 2, ""tsi_s"": 6}"
TSIMeanReversion_11c8699351f9,TSIMeanReversion,success,0.3528123461582636,34,-0.026903929641555524,1.4198001496660944,0.02667206642776776,0.15274071145505805,0.5,"{""rsi_overbought"": 80, ""rsi_oversold"": 37, ""rsi_period"": 16, ""tsi_overbought"": 20, ""tsi_oversold"": -19, ""tsi_r"": 10, ""tsi_s"": 2}"
TSIMeanReversion_11c8699351f9,TSIMeanReversion,success,0.5173905154196168,39,-0.024959660706374343,1.5878644370311832,0.040211120546068235,0.24683372399508152,0.4872,"{""rsi_overbought"": 78, ""rsi_oversold"": 24, ""rsi_period"": 9, ""tsi_overbought"": 8, ""tsi_oversold"": -39, ""tsi_r"": 8, ""tsi_s"": 4}"
TSIMeanReversion_11c8699351f9,TSIMeanReversion,success,-0.4009189984119684,139,-0.05613387368158429,0.8782478182487087,-0.03206660533977734,-0.09022675842007755,0.4676,"{""rsi_overbought"": 60, ""rsi_oversold"": 31, ""rsi_period"": 14, ""tsi_overbought"": 11, ""tsi_oversold"": -37, ""tsi_r"": 3, ""tsi_s"": 3}"
TSIMeanReversion_11c8699351f9,TSIMeanReversion,success,0.02182596491677303,20,-0.02009552345631893,1.0341564882974148,0.0012946719690622999,0.010031703337016024,0.5,"{""rsi_overbought"": 59, ""rsi_oversold"": 33, ""rsi_period"": 17, ""tsi_overbought"": 23, ""tsi_oversold"": -30, ""tsi_r"": 11, ""tsi_s"": 7}"
TSIMeanReversion_11c8699351f9,TSIMeanReversion,success,0.0,0,0.0,0.0,0.0,0.0,0.5,"{""rsi_overbought"": 76, ""rsi_oversold"": 22, ""rsi_period"": 15, ""tsi_overbought"": 19, ""tsi_oversold"": -21, ""tsi_r"": 5, ""tsi_s"": 7}"
TSIMeanReversion_11c8699351f9,TSIMeanReversion,success,0.02182596491677303,20,-0.02009552345631893,1.0341564882974148,0.0012946719690622999,0.010031703337016024,0.5,"{""rsi_overbought"": 76, ""rsi_oversold"": 29, ""rsi_period"": 13, ""tsi_overbought"": 40, ""tsi_oversold"": -17, ""tsi_r"": 5, ""tsi_s"": 6}"
TSIMeanReversion_11c8699351f9,TSIMeanReversion,success,0.38794448682706095,170,-0.06338987522590855,1.175602516125874,0.06434499876271027,0.15400901483640073,0.5059,"{""rsi_overbought"": 58, ""rsi_oversold"": 17, ""rsi_period"": 4, ""tsi_overbought"": 35, ""tsi_oversold"": -22, ""tsi_r"": 12, ""tsi_s"": 6}"
TSIMeanReversion_11c8699351f9,TSIMeanReversion,success,-0.5478353272271025,69,-0.05955590883422157,0.6726397635688738,-0.051116395731065856,-0.1366962851746212,0.3768,"{""rsi_overbought"": 57, ""rsi_oversold"": 41, ""rsi_period"": 4, ""tsi_overbought"": 37, ""tsi_oversold"": -32, ""tsi_r"": 7, ""tsi_s"": 7}"
TSIMeanReversion_11c8699351f9,TSIMeanReversion,success,-0.5478353272271025,69,-0.05955590883422157,0.6726397635688738,-0.051116395731065856,-0.1366962851746212,0.3768,"{""rsi_overbought"": 66, ""rsi_oversold"": 45, ""rsi_period"": 6, ""tsi_overbought"": 17, ""tsi_oversold"": -36, ""tsi_r"": 8, ""tsi_s"": 5}"
TSIMeanReversion_11c8699351f9,TSIMeanReversion,success,-0.5478353272271025,69,-0.05955590883422157,0.6726397635688738,-0.051116395731065856,-0.1366962851746212,0.3768,"{""rsi_overbought"": 64, ""rsi_oversold"": 27, ""rsi_period"": 5, ""tsi_overbought"": 32, ""tsi_oversold"": -11, ""tsi_r"": 4, ""tsi_s"": 7}"
TSIMeanReversion_11c8699351f9,TSIMeanReversion,success,-1.013764420953669,49,-0.08297854450946629,0.3737396224047832,-0.07736451166823677,-0.15023594260656778,0.3673,"{""rsi_overbought"": 70, ""rsi_oversold"": 21, ""rsi_period"": 11, ""tsi_overbought"": 13, ""tsi_oversold"": -34, ""tsi_r"": 6, ""tsi_s"": 7}"
TSIMeanReversion_11c8699351f9,TSIMeanReversion,success,-0.5478353272271025,69,-0.05955590883422157,0.6726397635688738,-0.051116395731065856,-0.1366962851746212,0.3768,"{""rsi_overbought"": 70, ""rsi_oversold"": 22, ""rsi_period"": 8, ""tsi_overbought"": 10, ""tsi_oversold"": -32, ""tsi_r"": 7, ""tsi_s"": 5}"
TSIMeanReversion_11c8699351f9,TSIMeanReversion,success,-0.06268144494690467,122,-0.04309006237262836,1.0503108821745537,0.00886213426062299,0.031922277973797306,0.5164,"{""rsi_overbought"": 63, ""rsi_oversold"": 15, ""rsi_period"": 5, ""tsi_overbought"": 26, ""tsi_oversold"": -30, ""tsi_r"": 3, ""tsi_s"": 5}"
TSIMeanReversion_11c8699351f9,TSIMeanReversion,success,-0.06268144494690467,122,-0.04309006237262836,1.0503108821745537,0.00886213426062299,0.031922277973797306,0.5164,"{""rsi_overbought"": 57, ""rsi_oversold"": 43, ""rsi_period"": 18, ""tsi_overbought"": 22, ""tsi_oversold"": -40, ""tsi_r"": 2, ""tsi_s"": 5}"
TSIMeanReversion_11c8699351f9,TSIMeanReversion,success,-1.1258859711244513,33,-0.08493376106359674,0.2464107939549266,-0.0712813117240898,-0.1348672260209397,0.1818,"{""rsi_overbought"": 76, ""rsi_oversold"": 25, ""rsi_period"": 6, ""tsi_overbought"": 21, ""tsi_oversold"": -7, ""tsi_r"": 10, ""tsi_s"": 4}"
TSIMeanReversion_11c8699351f9,TSIMeanReversion,success,-1.1258859711244513,33,-0.08493376106359674,0.2464107939549266,-0.0712813117240898,-0.1348672260209397,0.1818,"{""rsi_overbought"": 56, ""rsi_oversold"": 21, ""rsi_period"": 10, ""tsi_overbought"": 10, ""tsi_oversold"": -23, ""tsi_r"": 6, ""tsi_s"": 3}"
TSIMeanReversion_11c8699351f9,TSIMeanReversion,success,-1.1258859711244513,33,-0.08493376106359674,0.2464107939549266,-0.0712813117240898,-0.1348672260209397,0.1818,"{""rsi_overbought"": 69, ""rsi_oversold"": 23, ""rsi_period"": 10, ""tsi_overbought"": 5, ""tsi_oversold"": -17, ""tsi_r"": 9, ""tsi_s"": 3}"
TSIMeanReversion_11c8699351f9,TSIMeanReversion,success,0.4929049390319491,54,-0.026436105438017,1.7215843964515327,0.05558486697593934,0.32014179157142664,0.5,"{""rsi_overbought"": 67, ""rsi_oversold"": 40, ""rsi_period"": 8, ""tsi_overbought"": 13, ""tsi_oversold"": -5, ""tsi_r"": 10, ""tsi_s"": 8}"
TSIMeanReversion_11c8699351f9,TSIMeanReversion,success,0.4929049390319491,54,-0.026436105438017,1.7215843964515327,0.05558486697593934,0.32014179157142664,0.5,"{""rsi_overbought"": 75, ""rsi_oversold"": 36, ""rsi_period"": 10, ""tsi_overbought"": 24, ""tsi_oversold"": -12, ""tsi_r"": 3, ""tsi_s"": 3}"
